FL_DATE,DAY_OF_WEEK,DEST_CITY_NAME,AIR_TIME,DEP_TIME,temperature_2m,relative_humidity_2m,precipitation,pressure_msl,cloud_cover,wind_speed_10m,IS_HOLIDAY,year,month,day,dayofweek,DEP_HOUR,DEP_MINUTE,PLANE_MODEL_319,PLANE_MODEL_38M,PLANE_MODEL_39M,PLANE_MODEL_738,PLANE_MODEL_739ER,PLANE_MODEL_752,PLANE_MODEL_753,PLANE_MODEL_763ER,PLANE_MODEL_764ER,PLANE_MODEL_772ER,PLANE_MODEL_77W,PLANE_MODEL_787-10,PLANE_MODEL_787-8,PLANE_MODEL_787-9,PRED_DEL15,CONF
2024-05-31,4,Houston,236.0,1900-01-01 00:30:00,18.9205,49,0,1013.2,1010.2425,0,0,2024,5,31,4,0,30,0.0,0.0,0.0,0.0,0.0,0.0,0.0,0.0,0.0,0.0,0.0,0.0,0.0,0.0,1,0.7766666666666666
2024-05-31,4,Manila,850.0,1900-01-01 00:45:00,18.9205,49,0,1013.2,1010.2425,0,0,2024,5,31,4,0,45,0.0,0.0,0.0,0.0,0.0,0.0,0.0,0.0,0.0,0.0,1.0,0.0,0.0,0.0,1,0.7733333333333333
2024-05-31,4,Chicago,260.0,1900-01-01 01:10:00,17.1705,56,0,1013.5,1010.5238,0,0,2024,5,31,4,1,10,0.0,0.0,0.0,0.0,0.0,0.0,0.0,0.0,0.0,0.0,0.0,0.0,0.0,0.0,1,0.87
2024-05-31,4,Houston,243.0,1900-01-01 05:00:00,11.6205,83,0,1014.8,1011.7619,0,0,2024,5,31,4,5,0,0.0,0.0,0.0,0.0,0.0,0.0,0.0,0.0,0.0,0.0,0.0,0.0,0.0,0.0,0,0.29
2024-05-31,4,Denver,157.0,1900-01-01 05:00:00,11.6205,83,0,1014.8,1011.7619,0,0,2024,5,31,4,5,0,0.0,0.0,0.0,0.0,0.0,0.0,1.0,0.0,0.0,0.0,0.0,0.0,0.0,0.0,0,0.2833333333333333
2024-05-31,4,Chicago,260.0,1900-01-01 05:18:00,11.6205,83,0,1014.8,1011.7619,0,0,2024,5,31,4,5,18,0.0,0.0,0.0,0.0,0.0,0.0,0.0,0.0,0.0,0.0,0.0,0.0,0.0,0.0,0,0.30333333333333334
2024-05-31,4,Los Angeles,105.0,1900-01-01 06:00:00,11.020499,87,0,1014.9,1011.8554,0,0,2024,5,31,4,6,0,0.0,0.0,0.0,1.0,0.0,0.0,0.0,0.0,0.0,0.0,0.0,0.0,0.0,0.0,0,0.22666666666666666
2024-05-31,4,Denver,167.0,1900-01-01 06:30:00,11.020499,87,0,1014.9,1011.8554,0,0,2024,5,31,4,6,30,0.0,0.0,0.0,0.0,0.0,0.0,0.0,0.0,0.0,0.0,0.0,0.0,0.0,0.0,0,0.22
2024-05-31,4,Chicago,270.0,1900-01-01 06:45:00,11.020499,87,0,1014.9,1011.8554,0,0,2024,5,31,4,6,45,0.0,0.0,0.0,0.0,0.0,0.0,0.0,0.0,0.0,0.0,0.0,0.0,0.0,0.0,0,0.42333333333333334
2024-05-31,4,New York,330.0,1900-01-01 07:00:00,10.6705,89,0,1014.7,1011.65216,0,0,2024,5,31,4,7,0,0.0,0.0,0.0,0.0,0.0,0.0,0.0,0.0,0.0,0.0,0.0,0.0,0.0,0.0,0,0.30333333333333334
2024-05-31,4,Houston,243.0,1900-01-01 07:10:00,10.6705,89,0,1014.7,1011.65216,0,0,2024,5,31,4,7,10,0.0,0.0,0.0,0.0,0.0,0.0,0.0,0.0,0.0,0.0,0.0,0.0,0.0,0.0,0,0.27
2024-05-31,4,Los Angeles,105.0,1900-01-01 07:30:00,10.6705,89,0,1014.7,1011.65216,0,0,2024,5,31,4,7,30,0.0,0.0,0.0,1.0,0.0,0.0,0.0,0.0,0.0,0.0,0.0,0.0,0.0,0.0,0,0.25333333333333335
2024-05-31,4,Dulles,305.0,1900-01-01 08:15:00,10.520499,90,0,1014.4,1011.3515,0,0,2024,5,31,4,8,15,0.0,0.0,0.0,0.0,0.0,0.0,0.0,0.0,0.0,0.0,0.0,0.0,0.0,0.0,0,0.2633333333333333
2024-05-31,4,Portland,107.0,1900-01-01 08:25:00,10.520499,90,0,1014.4,1011.3515,0,0,2024,5,31,4,8,25,0.0,0.0,0.0,0.0,0.0,0.0,0.0,0.0,0.0,0.0,0.0,0.0,0.0,0.0,0,0.23333333333333334
2024-05-31,4,Phoenix,121.0,1900-01-01 08:25:00,10.520499,90,0,1014.4,1011.3515,0,0,2024,5,31,4,8,25,0.0,0.0,0.0,0.0,0.0,0.0,0.0,0.0,0.0,0.0,0.0,0.0,0.0,0.0,0,0.22333333333333333
2024-05-31,4,Baltimore,317.0,1900-01-01 08:25:00,10.520499,90,0,1014.4,1011.3515,0,0,2024,5,31,4,8,25,0.0,0.0,0.0,0.0,0.0,0.0,0.0,0.0,0.0,0.0,0.0,0.0,0.0,0.0,0,0.22666666666666666
2024-05-31,4,Seattle,135.0,1900-01-01 08:25:00,10.520499,90,0,1014.4,1011.3515,0,0,2024,5,31,4,8,25,0.0,0.0,0.0,1.0,0.0,0.0,0.0,0.0,0.0,0.0,0.0,0.0,0.0,0.0,0,0.22666666666666666
2024-05-31,4,Chicago,260.0,1900-01-01 08:25:00,10.520499,90,0,1014.4,1011.3515,0,0,2024,5,31,4,8,25,0.0,0.0,0.0,0.0,0.0,0.0,0.0,0.0,0.0,0.0,0.0,0.0,0.0,0.0,0,0.20666666666666667
2024-05-31,4,Orlando,337.0,1900-01-01 08:30:00,10.520499,90,0,1014.4,1011.3515,0,0,2024,5,31,4,8,30,0.0,0.0,0.0,0.0,0.0,0.0,0.0,0.0,0.0,0.0,0.0,0.0,0.0,0.0,0,0.23666666666666666
2024-05-31,4,Pittsburgh,297.0,1900-01-01 08:33:00,10.520499,90,0,1014.4,1011.3515,0,0,2024,5,31,4,8,33,0.0,0.0,0.0,0.0,0.0,0.0,0.0,0.0,0.0,0.0,0.0,0.0,0.0,0.0,0,0.28
2024-05-31,4,Los Angeles,107.0,1900-01-01 08:35:00,10.520499,90,0,1014.4,1011.3515,0,0,2024,5,31,4,8,35,0.0,0.0,0.0,1.0,0.0,0.0,0.0,0.0,0.0,0.0,0.0,0.0,0.0,0.0,0,0.25666666666666665
2024-05-31,4,New York,343.0,1900-01-01 08:35:00,10.520499,90,0,1014.4,1011.3515,0,0,2024,5,31,4,8,35,0.0,0.0,0.0,0.0,0.0,0.0,0.0,0.0,0.0,0.0,0.0,0.0,0.0,0.0,0,0.29
2024-05-31,4,Sacramento,62.0,1900-01-01 08:35:00,10.520499,90,0,1014.4,1011.3515,0,0,2024,5,31,4,8,35,0.0,0.0,0.0,0.0,0.0,0.0,0.0,0.0,0.0,0.0,0.0,0.0,0.0,0.0,0,0.29
2024-05-31,4,Washington,323.0,1900-01-01 08:37:00,10.520499,90,0,1014.4,1011.3515,0,0,2024,5,31,4,8,37,0.0,0.0,0.0,0.0,0.0,0.0,0.0,0.0,0.0,0.0,0.0,0.0,0.0,0.0,0,0.30333333333333334
2024-05-31,4,Reno,77.0,1900-01-01 08:40:00,10.520499,90,0,1014.4,1011.3515,0,0,2024,5,31,4,8,40,0.0,0.0,0.0,0.0,0.0,0.0,0.0,0.0,0.0,0.0,0.0,0.0,0.0,0.0,0,0.35333333333333333
2024-05-31,4,Puerto Vallarta,227.0,1900-01-01 08:40:00,10.520499,90,0,1014.4,1011.3515,0,0,2024,5,31,4,8,40,0.0,0.0,0.0,0.0,0.0,0.0,0.0,0.0,0.0,0.0,0.0,0.0,0.0,0.0,0,0.4
2024-05-31,4,San Jose Cabo,195.0,1900-01-01 08:43:00,10.520499,90,0,1014.4,1011.3515,0,0,2024,5,31,4,8,43,0.0,0.0,0.0,1.0,0.0,0.0,0.0,0.0,0.0,0.0,0.0,0.0,0.0,0.0,0,0.4266666666666667
2024-05-31,4,Vancouver,141.0,1900-01-01 08:43:00,10.520499,90,0,1014.4,1011.3515,0,0,2024,5,31,4,8,43,0.0,0.0,0.0,0.0,0.0,0.0,0.0,0.0,0.0,0.0,0.0,0.0,0.0,0.0,0,0.4066666666666667
2024-05-31,4,San Diego,104.0,1900-01-01 08:44:00,10.520499,90,0,1014.4,1011.3515,0,0,2024,5,31,4,8,44,0.0,0.0,0.0,1.0,0.0,0.0,0.0,0.0,0.0,0.0,0.0,0.0,0.0,0.0,0,0.36666666666666664
2024-05-31,4,Cancun,327.0,1900-01-01 08:45:00,10.520499,90,0,1014.4,1011.3515,0,0,2024,5,31,4,8,45,0.0,0.0,0.0,0.0,0.0,0.0,0.0,0.0,0.0,0.0,0.0,0.0,0.0,0.0,0,0.4166666666666667
2024-05-31,4,Kahului,322.0,1900-01-01 08:50:00,10.520499,90,0,1014.4,1011.3515,0,0,2024,5,31,4,8,50,0.0,0.0,0.0,0.0,0.0,0.0,0.0,0.0,0.0,0.0,0.0,0.0,0.0,0.0,0,0.39666666666666667
2024-05-31,4,Denver,168.0,1900-01-01 08:50:00,10.520499,90,0,1014.4,1011.3515,0,0,2024,5,31,4,8,50,0.0,0.0,0.0,0.0,0.0,0.0,0.0,0.0,0.0,0.0,0.0,0.0,0.0,0.0,0,0.43333333333333335
2024-05-31,4,Kailua-Kona,330.0,1900-01-01 08:55:00,10.520499,90,0,1014.4,1011.3515,0,0,2024,5,31,4,8,55,0.0,0.0,0.0,0.0,0.0,0.0,1.0,0.0,0.0,0.0,0.0,0.0,0.0,0.0,0,0.3333333333333333
2024-05-31,4,Austin,225.0,1900-01-01 08:55:00,10.520499,90,0,1014.4,1011.3515,0,0,2024,5,31,4,8,55,1.0,0.0,0.0,0.0,0.0,0.0,0.0,0.0,0.0,0.0,0.0,0.0,0.0,0.0,0,0.23666666666666666
2024-05-31,4,Salt Lake City,125.0,1900-01-01 08:55:00,10.520499,90,0,1014.4,1011.3515,0,0,2024,5,31,4,8,55,0.0,0.0,0.0,0.0,0.0,0.0,0.0,0.0,0.0,0.0,0.0,0.0,0.0,0.0,0,0.43666666666666665
2024-05-31,4,Kauai Island,342.0,1900-01-01 09:00:00,10.4205,91,0,1014.2,1011.15076,0,0,2024,5,31,4,9,0,0.0,0.0,0.0,0.0,0.0,0.0,0.0,0.0,0.0,0.0,0.0,0.0,0.0,0.0,0,0.43
2024-05-31,4,Raleigh/Durham,317.0,1900-01-01 09:05:00,10.4205,91,0,1014.2,1011.15076,0,0,2024,5,31,4,9,5,0.0,0.0,0.0,1.0,0.0,0.0,0.0,0.0,0.0,0.0,0.0,0.0,0.0,0.0,0,0.42
2024-05-31,4,Boston,354.0,1900-01-01 09:05:00,10.4205,91,0,1014.2,1011.15076,0,0,2024,5,31,4,9,5,0.0,0.0,0.0,0.0,0.0,0.0,0.0,0.0,0.0,0.0,0.0,0.0,0.0,0.0,0,0.43
2024-05-31,4,Fresno,73.0,1900-01-01 09:10:00,10.4205,91,0,1014.2,1011.15076,0,0,2024,5,31,4,9,10,0.0,0.0,0.0,0.0,0.0,0.0,0.0,0.0,0.0,0.0,0.0,0.0,0.0,0.0,0,0.48
2024-05-31,4,Houston,243.0,1900-01-01 09:10:00,10.4205,91,0,1014.2,1011.15076,0,0,2024,5,31,4,9,10,0.0,0.0,0.0,0.0,0.0,0.0,0.0,0.0,0.0,0.0,0.0,0.0,0.0,0.0,1,0.5066666666666667
2024-05-31,4,Honolulu,325.0,1900-01-01 09:20:00,10.4205,91,0,1014.2,1011.15076,0,0,2024,5,31,4,9,20,0.0,0.0,0.0,0.0,0.0,0.0,0.0,0.0,0.0,0.0,1.0,0.0,0.0,0.0,0,0.42
2024-05-31,4,Las Vegas,107.0,1900-01-01 09:24:00,10.4205,91,0,1014.2,1011.15076,0,0,2024,5,31,4,9,24,0.0,0.0,0.0,1.0,0.0,0.0,0.0,0.0,0.0,0.0,0.0,0.0,0.0,0.0,0,0.37666666666666665
2024-05-31,4,Seoul,745.0,1900-01-01 10:35:00,10.1205,92,0,1014.1,1011.0479,0,0,2024,5,31,4,10,35,0.0,0.0,0.0,0.0,0.0,0.0,0.0,0.0,0.0,0.0,0.0,0.0,0.0,0.0,0,0.47333333333333333
2024-05-31,4,Beijing,830.0,1900-01-01 10:35:00,10.1205,92,0,1014.1,1011.0479,0,0,2024,5,31,4,10,35,0.0,0.0,0.0,0.0,0.0,0.0,0.0,0.0,0.0,0.0,1.0,0.0,0.0,0.0,0,0.4533333333333333
2024-05-31,4,Eugene,96.0,1900-01-01 10:35:00,10.1205,92,0,1014.1,1011.0479,0,0,2024,5,31,4,10,35,0.0,0.0,0.0,1.0,0.0,0.0,0.0,0.0,0.0,0.0,0.0,0.0,0.0,0.0,0,0.2866666666666667
2024-05-31,4,Redmond,103.0,1900-01-01 10:35:00,10.1205,92,0,1014.1,1011.0479,0,0,2024,5,31,4,10,35,1.0,0.0,0.0,0.0,0.0,0.0,0.0,0.0,0.0,0.0,0.0,0.0,0.0,0.0,0,0.10666666666666667
2024-05-31,4,Santa Ana,100.0,1900-01-01 10:35:00,10.1205,92,0,1014.1,1011.0479,0,0,2024,5,31,4,10,35,0.0,0.0,0.0,1.0,0.0,0.0,0.0,0.0,0.0,0.0,0.0,0.0,0.0,0.0,0,0.29333333333333333
2024-05-31,4,San Diego,104.0,1900-01-01 10:35:00,10.1205,92,0,1014.1,1011.0479,0,0,2024,5,31,4,10,35,0.0,0.0,0.0,0.0,0.0,0.0,0.0,0.0,0.0,0.0,0.0,0.0,0.0,0.0,0,0.32666666666666666
2024-05-31,4,Arcata,85.0,1900-01-01 10:37:00,10.1205,92,0,1014.1,1011.0479,0,0,2024,5,31,4,10,37,0.0,0.0,0.0,0.0,0.0,0.0,0.0,0.0,0.0,0.0,0.0,0.0,0.0,0.0,0,0.32666666666666666
2024-05-31,4,Chicago,272.0,1900-01-01 10:38:00,10.1205,92,0,1014.1,1011.0479,0,0,2024,5,31,4,10,38,0.0,0.0,0.0,0.0,0.0,0.0,0.0,0.0,0.0,0.0,0.0,0.0,0.0,0.0,1,0.54
2024-05-31,4,Mexico City,272.0,1900-01-01 13:13:00,10.9205,87,0,1014.6,1011.55493,0,0,2024,5,31,4,13,13,1.0,0.0,0.0,0.0,0.0,0.0,0.0,0.0,0.0,0.0,0.0,0.0,0.0,0.0,0,0.4866666666666667
2024-05-31,4,Los Angeles,105.0,1900-01-01 13:15:00,10.9205,87,0,1014.6,1011.55493,0,0,2024,5,31,4,13,15,0.0,0.0,0.0,1.0,0.0,0.0,0.0,0.0,0.0,0.0,0.0,0.0,0.0,0.0,0,0.44
2024-05-31,4,New York,351.0,1900-01-01 13:15:00,10.9205,87,0,1014.6,1011.55493,0,0,2024,5,31,4,13,15,0.0,0.0,0.0,0.0,0.0,1.0,0.0,0.0,0.0,0.0,0.0,0.0,0.0,0.0,0,0.44333333333333336
2024-05-31,4,Santa Ana,106.0,1900-01-01 13:20:00,10.9205,87,0,1014.6,1011.55493,0,0,2024,5,31,4,13,20,0.0,0.0,0.0,0.0,0.0,0.0,0.0,0.0,0.0,0.0,0.0,0.0,0.0,0.0,0,0.45666666666666667
2024-05-31,4,Papeete,510.0,1900-01-01 13:25:00,10.9205,87,0,1014.6,1011.55493,0,0,2024,5,31,4,13,25,0.0,0.0,0.0,0.0,0.0,0.0,0.0,0.0,0.0,0.0,0.0,0.0,0.0,0.0,1,0.5066666666666667
2024-05-31,4,Burbank,84.0,1900-01-01 13:26:00,10.9205,87,0,1014.6,1011.55493,0,0,2024,5,31,4,13,26,0.0,0.0,0.0,1.0,0.0,0.0,0.0,0.0,0.0,0.0,0.0,0.0,0.0,0.0,1,0.51
2024-05-31,4,Salt Lake City,118.0,1900-01-01 13:30:00,10.9205,87,0,1014.6,1011.55493,0,0,2024,5,31,4,13,30,0.0,0.0,0.0,0.0,0.0,0.0,0.0,0.0,0.0,0.0,0.0,0.0,0.0,0.0,1,0.53
2024-05-31,4,Hong Kong,850.0,1900-01-01 13:35:00,10.9205,87,0,1014.6,1011.55493,0,0,2024,5,31,4,13,35,0.0,0.0,0.0,0.0,0.0,0.0,0.0,0.0,0.0,0.0,1.0,0.0,0.0,0.0,1,0.56
2024-05-31,4,Boise,103.0,1900-01-01 13:40:00,10.9205,87,0,1014.6,1011.55493,0,0,2024,5,31,4,13,40,0.0,0.0,0.0,0.0,0.0,0.0,0.0,0.0,0.0,0.0,0.0,0.0,0.0,0.0,1,0.5966666666666667
2024-05-31,4,Sacramento,61.0,1900-01-01 13:40:00,10.9205,87,0,1014.6,1011.55493,0,0,2024,5,31,4,13,40,0.0,0.0,0.0,0.0,0.0,0.0,0.0,0.0,0.0,0.0,0.0,0.0,0.0,0.0,1,0.6333333333333333
2024-05-31,4,Munich,665.0,1900-01-01 13:40:00,10.9205,87,0,1014.6,1011.55493,0,0,2024,5,31,4,13,40,0.0,0.0,0.0,0.0,0.0,0.0,0.0,0.0,0.0,0.0,0.0,0.0,0.0,0.0,1,0.5866666666666667
2024-05-31,4,Honolulu,328.0,1900-01-01 13:45:00,10.9205,87,0,1014.6,1011.55493,0,0,2024,5,31,4,13,45,0.0,0.0,0.0,0.0,0.0,0.0,0.0,0.0,0.0,0.0,0.0,0.0,0.0,0.0,1,0.61
2024-05-31,4,Frankfurt,650.0,1900-01-01 13:55:00,10.9205,87,0,1014.6,1011.55493,0,0,2024,5,31,4,13,55,0.0,0.0,0.0,0.0,0.0,0.0,0.0,0.0,0.0,0.0,1.0,0.0,0.0,0.0,1,0.6166666666666667
2024-05-31,4,Houston,243.0,1900-01-01 13:55:00,10.9205,87,0,1014.6,1011.55493,0,0,2024,5,31,4,13,55,0.0,0.0,0.0,0.0,0.0,0.0,0.0,0.0,0.0,0.0,0.0,0.0,0.0,0.0,1,0.66
2024-05-31,4,Vancouver,140.0,1900-01-01 14:03:00,12.320499,80,0,1015.0,1011.9686,0,0,2024,5,31,4,14,3,0.0,0.0,0.0,1.0,0.0,0.0,0.0,0.0,0.0,0.0,0.0,0.0,0.0,0.0,1,0.5166666666666667
2024-05-31,4,Zurich,660.0,1900-01-01 14:20:00,12.320499,80,0,1015.0,1011.9686,0,0,2024,5,31,4,14,20,0.0,0.0,0.0,0.0,0.0,0.0,0.0,0.0,0.0,0.0,0.0,0.0,0.0,0.0,1,0.5366666666666666
2024-05-31,4,Denver,171.0,1900-01-01 14:23:00,12.320499,80,0,1015.0,1011.9686,0,0,2024,5,31,4,14,23,0.0,0.0,0.0,1.0,0.0,0.0,0.0,0.0,0.0,0.0,0.0,0.0,0.0,0.0,1,0.55
2024-05-31,4,Taipei,795.0,1900-01-01 14:30:00,12.320499,80,0,1015.0,1011.9686,0,0,2024,5,31,4,14,30,0.0,0.0,0.0,0.0,0.0,0.0,0.0,0.0,0.0,0.0,1.0,0.0,0.0,0.0,1,0.5666666666666667
2024-05-31,4,New York,338.0,1900-01-01 14:40:00,12.320499,80,0,1015.0,1011.9686,0,0,2024,5,31,4,14,40,0.0,0.0,0.0,0.0,0.0,0.0,0.0,0.0,0.0,0.0,0.0,0.0,0.0,0.0,1,0.58
2024-05-31,4,Chicago,264.0,1900-01-01 14:40:00,12.320499,80,0,1015.0,1011.9686,0,0,2024,5,31,4,14,40,0.0,0.0,0.0,0.0,0.0,0.0,0.0,0.0,0.0,0.0,0.0,0.0,0.0,0.0,1,0.61
2024-05-31,4,Paris,645.0,1900-01-01 14:40:00,12.320499,80,0,1015.0,1011.9686,0,0,2024,5,31,4,14,40,0.0,0.0,0.0,0.0,0.0,0.0,0.0,0.0,0.0,0.0,0.0,0.0,0.0,0.0,1,0.5833333333333334
2024-05-31,4,Amsterdam,625.0,1900-01-01 14:55:00,12.320499,80,0,1015.0,1011.9686,0,0,2024,5,31,4,14,55,0.0,0.0,0.0,0.0,0.0,0.0,0.0,0.0,0.0,0.0,0.0,0.0,0.0,0.0,1,0.63
2024-05-31,4,Boston,343.0,1900-01-01 15:07:00,14.1205,72,0,1015.3,1012.28674,0,0,2024,5,31,4,15,7,0.0,0.0,0.0,0.0,0.0,0.0,0.0,0.0,0.0,0.0,0.0,0.0,0.0,0.0,1,0.5566666666666666
2024-05-31,4,Denver,171.0,1900-01-01 15:45:00,14.1205,72,0,1015.3,1012.28674,0,0,2024,5,31,4,15,45,0.0,0.0,0.0,1.0,0.0,0.0,0.0,0.0,0.0,0.0,0.0,0.0,0.0,0.0,1,0.6266666666666667
2024-05-31,4,London,625.0,1900-01-01 16:00:00,16.6205,62,0,1015.5,1012.51227,0,0,2024,5,31,4,16,0,0.0,0.0,0.0,0.0,0.0,0.0,0.0,0.0,0.0,0.0,0.0,0.0,0.0,0.0,0,0.47333333333333333
2024-05-31,4,Aspen,147.0,1900-01-01 16:10:00,16.6205,62,0,1015.5,1012.51227,0,0,2024,5,31,4,16,10,0.0,0.0,0.0,0.0,0.0,0.0,0.0,0.0,0.0,0.0,0.0,0.0,0.0,0.0,1,0.5066666666666667
2024-05-31,4,Phoenix,129.0,1900-01-01 16:10:00,16.6205,62,0,1015.5,1012.51227,0,0,2024,5,31,4,16,10,0.0,0.0,0.0,0.0,0.0,0.0,0.0,0.0,0.0,0.0,0.0,0.0,0.0,0.0,0,0.49333333333333335
2024-05-31,4,Arcata,79.0,1900-01-01 16:20:00,16.6205,62,0,1015.5,1012.51227,0,0,2024,5,31,4,16,20,0.0,0.0,0.0,0.0,0.0,0.0,0.0,0.0,0.0,0.0,0.0,0.0,0.0,0.0,1,0.52
2024-05-31,4,New York,335.0,1900-01-01 16:20:00,16.6205,62,0,1015.5,1012.51227,0,0,2024,5,31,4,16,20,0.0,0.0,0.0,0.0,0.0,1.0,0.0,0.0,0.0,0.0,0.0,0.0,0.0,0.0,0,0.4066666666666667
2024-05-31,4,Los Angeles,105.0,1900-01-01 16:25:00,16.6205,62,0,1015.5,1012.51227,0,0,2024,5,31,4,16,25,0.0,0.0,0.0,1.0,0.0,0.0,0.0,0.0,0.0,0.0,0.0,0.0,0.0,0.0,1,0.5366666666666666
2024-05-31,4,Seattle,136.0,1900-01-01 16:25:00,16.6205,62,0,1015.5,1012.51227,0,0,2024,5,31,4,16,25,1.0,0.0,0.0,0.0,0.0,0.0,0.0,0.0,0.0,0.0,0.0,0.0,0.0,0.0,0,0.47
2024-05-31,4,Rome,710.0,1900-01-01 16:30:00,16.6205,62,0,1015.5,1012.51227,0,0,2024,5,31,4,16,30,0.0,0.0,0.0,0.0,0.0,0.0,0.0,0.0,0.0,0.0,0.0,0.0,0.0,0.0,0,0.48
2024-05-31,4,San Diego,104.0,1900-01-01 16:30:00,16.6205,62,0,1015.5,1012.51227,0,0,2024,5,31,4,16,30,0.0,0.0,0.0,0.0,0.0,0.0,0.0,0.0,0.0,0.0,0.0,0.0,0.0,0.0,1,0.53
2024-05-31,4,Albuquerque,153.0,1900-01-01 16:30:00,16.6205,62,0,1015.5,1012.51227,0,0,2024,5,31,4,16,30,0.0,0.0,0.0,0.0,0.0,0.0,0.0,0.0,0.0,0.0,0.0,0.0,0.0,0.0,1,0.5266666666666666
2024-05-31,4,Reno,68.0,1900-01-01 16:33:00,16.6205,62,0,1015.5,1012.51227,0,0,2024,5,31,4,16,33,1.0,0.0,0.0,0.0,0.0,0.0,0.0,0.0,0.0,0.0,0.0,0.0,0.0,0.0,0,0.4266666666666667
2024-05-31,4,Kahului,333.0,1900-01-01 16:35:00,16.6205,62,0,1015.5,1012.51227,0,0,2024,5,31,4,16,35,0.0,0.0,0.0,0.0,0.0,0.0,0.0,0.0,0.0,0.0,0.0,0.0,0.0,0.0,0,0.48
2024-05-31,4,Dulles,319.0,1900-01-01 16:35:00,16.6205,62,0,1015.5,1012.51227,0,0,2024,5,31,4,16,35,0.0,0.0,0.0,0.0,0.0,0.0,0.0,0.0,0.0,0.0,0.0,0.0,0.0,0.0,0,0.4766666666666667
2024-05-31,4,Chicago,266.0,1900-01-01 16:47:00,16.6205,62,0,1015.5,1012.51227,0,0,2024,5,31,4,16,47,0.0,0.0,0.0,0.0,0.0,0.0,0.0,0.0,0.0,0.0,0.0,0.0,0.0,0.0,0,0.4766666666666667
2024-05-31,4,Las Vegas,107.0,1900-01-01 16:50:00,16.6205,62,0,1015.5,1012.51227,0,0,2024,5,31,4,16,50,0.0,0.0,0.0,0.0,0.0,0.0,0.0,0.0,0.0,0.0,0.0,0.0,0.0,0.0,1,0.5333333333333333
2024-05-31,4,Portland,111.0,1900-01-01 16:50:00,16.6205,62,0,1015.5,1012.51227,0,0,2024,5,31,4,16,50,0.0,0.0,0.0,1.0,0.0,0.0,0.0,0.0,0.0,0.0,0.0,0.0,0.0,0.0,1,0.5566666666666666
2024-05-31,4,Redmond,110.0,1900-01-01 16:55:00,16.6205,62,0,1015.5,1012.51227,0,0,2024,5,31,4,16,55,0.0,0.0,0.0,0.0,0.0,0.0,0.0,0.0,0.0,0.0,0.0,0.0,0.0,0.0,1,0.5166666666666667
2024-05-31,4,Tucson,144.0,1900-01-01 16:55:00,16.6205,62,0,1015.5,1012.51227,0,0,2024,5,31,4,16,55,0.0,0.0,0.0,0.0,0.0,0.0,0.0,0.0,0.0,0.0,0.0,0.0,0.0,0.0,1,0.5066666666666667
2024-05-31,4,Jackson,133.0,1900-01-01 16:55:00,16.6205,62,0,1015.5,1012.51227,0,0,2024,5,31,4,16,55,1.0,0.0,0.0,0.0,0.0,0.0,0.0,0.0,0.0,0.0,0.0,0.0,0.0,0.0,1,0.5533333333333333
2024-05-31,4,Honolulu,335.0,1900-01-01 17:00:00,19.5205,50,0,1015.6,1012.6415,0,0,2024,5,31,4,17,0,0.0,0.0,0.0,0.0,0.0,0.0,1.0,0.0,0.0,0.0,0.0,0.0,0.0,0.0,0,0.4533333333333333
2024-05-31,4,Kailua-Kona,329.0,1900-01-01 17:20:00,19.5205,50,0,1015.6,1012.6415,0,0,2024,5,31,4,17,20,0.0,0.0,0.0,0.0,0.0,0.0,0.0,0.0,0.0,0.0,0.0,0.0,0.0,0.0,1,0.5266666666666666
2024-05-31,4,Barcelona,690.0,1900-01-01 17:30:00,19.5205,50,0,1015.6,1012.6415,0,0,2024,5,31,4,17,30,0.0,0.0,0.0,0.0,0.0,0.0,0.0,0.0,0.0,0.0,0.0,0.0,0.0,0.0,1,0.5566666666666666
2024-05-31,4,Santa Ana,108.0,1900-01-01 17:30:00,19.5205,50,0,1015.6,1012.6415,0,0,2024,5,31,4,17,30,0.0,0.0,0.0,0.0,0.0,0.0,0.0,0.0,0.0,0.0,0.0,0.0,0.0,0.0,1,0.6133333333333333
2024-05-31,4,Portland,111.0,1900-01-01 18:19:00,21.5205,43,0,1015.6,1012.66144,0,0,2024,5,31,4,18,19,1.0,0.0,0.0,0.0,0.0,0.0,0.0,0.0,0.0,0.0,0.0,0.0,0.0,0.0,0,0.47
2024-05-31,4,Boise,107.0,1900-01-01 18:25:00,21.5205,43,0,1015.6,1012.66144,0,0,2024,5,31,4,18,25,0.0,0.0,0.0,0.0,0.0,0.0,0.0,0.0,0.0,0.0,0.0,0.0,0.0,0.0,1,0.5433333333333333
2024-05-31,4,Salt Lake City,123.0,1900-01-01 18:25:00,21.5205,43,0,1015.6,1012.66144,0,0,2024,5,31,4,18,25,0.0,0.0,0.0,0.0,0.0,0.0,0.0,0.0,0.0,0.0,0.0,0.0,0.0,0.0,1,0.5333333333333333
2024-05-31,4,Houston,239.0,1900-01-01 18:30:00,21.5205,43,0,1015.6,1012.66144,0,0,2024,5,31,4,18,30,0.0,0.0,0.0,0.0,0.0,0.0,0.0,0.0,0.0,0.0,0.0,0.0,0.0,0.0,1,0.5233333333333333
2024-05-31,4,Los Angeles,105.0,1900-01-01 18:30:00,21.5205,43,0,1015.6,1012.66144,0,0,2024,5,31,4,18,30,0.0,0.0,0.0,0.0,0.0,0.0,0.0,0.0,0.0,0.0,0.0,0.0,0.0,0.0,1,0.5433333333333333
2024-05-31,4,Chicago,260.0,1900-01-01 18:30:00,21.5205,43,0,1015.6,1012.66144,0,0,2024,5,31,4,18,30,0.0,0.0,0.0,0.0,0.0,0.0,0.0,0.0,0.0,0.0,0.0,0.0,0.0,0.0,1,0.5333333333333333
2024-05-31,4,Burbank,84.0,1900-01-01 18:40:00,21.5205,43,0,1015.6,1012.66144,0,0,2024,5,31,4,18,40,0.0,0.0,0.0,1.0,0.0,0.0,0.0,0.0,0.0,0.0,0.0,0.0,0.0,0.0,1,0.58
2024-05-31,4,Vancouver,138.0,1900-01-01 18:41:00,21.5205,43,0,1015.6,1012.66144,0,0,2024,5,31,4,18,41,0.0,0.0,0.0,0.0,0.0,0.0,0.0,0.0,0.0,0.0,0.0,0.0,0.0,0.0,1,0.55
2024-05-31,4,Austin,225.0,1900-01-01 18:45:00,21.5205,43,0,1015.6,1012.66144,0,0,2024,5,31,4,18,45,0.0,0.0,0.0,0.0,0.0,0.0,0.0,0.0,0.0,0.0,0.0,0.0,0.0,0.0,1,0.56
2024-05-31,4,Denver,161.0,1900-01-01 18:45:00,21.5205,43,0,1015.6,1012.66144,0,0,2024,5,31,4,18,45,0.0,0.0,0.0,1.0,0.0,0.0,0.0,0.0,0.0,0.0,0.0,0.0,0.0,0.0,1,0.5666666666666667
2024-05-31,4,Palm Springs,98.0,1900-01-01 18:50:00,21.5205,43,0,1015.6,1012.66144,0,0,2024,5,31,4,18,50,0.0,0.0,0.0,1.0,0.0,0.0,0.0,0.0,0.0,0.0,0.0,0.0,0.0,0.0,1,0.57
2024-05-31,4,Dallas,219.0,1900-01-01 18:52:00,21.5205,43,0,1015.6,1012.66144,0,0,2024,5,31,4,18,52,0.0,0.0,0.0,1.0,0.0,0.0,0.0,0.0,0.0,0.0,0.0,0.0,0.0,0.0,1,0.5733333333333334
2024-05-31,4,Kansas City,220.0,1900-01-01 18:55:00,21.5205,43,0,1015.6,1012.66144,0,0,2024,5,31,4,18,55,0.0,0.0,0.0,0.0,0.0,0.0,0.0,0.0,0.0,0.0,0.0,0.0,0.0,0.0,1,0.57
2024-05-31,4,Kauai Island,341.0,1900-01-01 18:58:00,21.5205,43,0,1015.6,1012.66144,0,0,2024,5,31,4,18,58,0.0,0.0,0.0,0.0,0.0,0.0,0.0,0.0,0.0,0.0,0.0,0.0,0.0,0.0,1,0.5566666666666666
2024-05-31,4,San Antonio,211.0,1900-01-01 18:59:00,21.5205,43,0,1015.6,1012.66144,0,0,2024,5,31,4,18,59,0.0,0.0,0.0,1.0,0.0,0.0,0.0,0.0,0.0,0.0,0.0,0.0,0.0,0.0,1,0.5566666666666666
2024-05-31,4,Phoenix,128.0,1900-01-01 19:00:00,21.9705,42,0,1015.5,1012.5662,0,0,2024,5,31,4,19,0,0.0,0.0,0.0,0.0,0.0,0.0,0.0,0.0,0.0,0.0,0.0,0.0,0.0,0.0,0,0.49666666666666665
2024-05-31,4,Fresno,72.0,1900-01-01 19:00:00,21.9705,42,0,1015.5,1012.5662,0,0,2024,5,31,4,19,0,0.0,0.0,0.0,0.0,0.0,0.0,0.0,0.0,0.0,0.0,0.0,0.0,0.0,0.0,1,0.5266666666666666
2024-05-31,4,Anchorage,292.0,1900-01-01 19:00:00,21.9705,42,0,1015.5,1012.5662,0,0,2024,5,31,4,19,0,0.0,0.0,0.0,0.0,0.0,0.0,0.0,0.0,0.0,0.0,0.0,0.0,0.0,0.0,0,0.4766666666666667
2024-05-31,4,Redding,72.0,1900-01-01 19:10:00,21.9705,42,0,1015.5,1012.5662,0,0,2024,5,31,4,19,10,0.0,0.0,0.0,0.0,0.0,0.0,0.0,0.0,0.0,0.0,0.0,0.0,0.0,0.0,1,0.5633333333333334
2024-05-31,4,Santa Ana,99.0,1900-01-01 19:10:00,21.9705,42,0,1015.5,1012.5662,0,0,2024,5,31,4,19,10,1.0,0.0,0.0,0.0,0.0,0.0,0.0,0.0,0.0,0.0,0.0,0.0,0.0,0.0,1,0.5366666666666666
2024-05-31,4,Frankfurt,655.0,1900-01-01 19:20:00,21.9705,42,0,1015.5,1012.5662,0,0,2024,5,31,4,19,20,0.0,0.0,0.0,0.0,0.0,0.0,0.0,0.0,0.0,0.0,1.0,0.0,0.0,0.0,1,0.5366666666666666
2024-05-31,4,Honolulu,335.0,1900-01-01 19:20:00,21.9705,42,0,1015.5,1012.5662,0,0,2024,5,31,4,19,20,0.0,0.0,0.0,0.0,0.0,0.0,1.0,0.0,0.0,0.0,0.0,0.0,0.0,0.0,1,0.5133333333333333
2024-05-31,4,London,625.0,1900-01-01 19:45:00,21.9705,42,0,1015.5,1012.5662,0,0,2024,5,31,4,19,45,0.0,0.0,0.0,0.0,0.0,0.0,0.0,0.0,0.0,0.0,1.0,0.0,0.0,0.0,1,0.5666666666666667
2024-05-31,4,Denver,161.0,1900-01-01 20:18:00,21.5205,46,0,1015.2,1012.26263,0,0,2024,5,31,4,20,18,0.0,0.0,0.0,1.0,0.0,0.0,0.0,0.0,0.0,0.0,0.0,0.0,0.0,0.0,1,0.5533333333333333
2024-05-31,4,Ontario,92.0,1900-01-01 20:55:00,21.5205,46,0,1015.2,1012.26263,0,0,2024,5,31,4,20,55,1.0,0.0,0.0,0.0,0.0,0.0,0.0,0.0,0.0,0.0,0.0,0.0,0.0,0.0,1,0.6466666666666666
2024-05-31,4,Dulles,319.0,1900-01-01 21:04:00,21.1205,48,0,1014.9,1011.95966,0,0,2024,5,31,4,21,4,0.0,0.0,0.0,0.0,0.0,0.0,0.0,0.0,0.0,0.0,0.0,0.0,0.0,0.0,0,0.44
2024-05-31,4,New York,335.0,1900-01-01 21:30:00,21.1205,48,0,1014.9,1011.95966,0,0,2024,5,31,4,21,30,0.0,0.0,0.0,0.0,0.0,1.0,0.0,0.0,0.0,0.0,0.0,0.0,0.0,0.0,1,0.5566666666666666
2024-05-31,4,San Diego,104.0,1900-01-01 22:15:00,21.2205,47,0,1014.5,1011.56177,1,0,2024,5,31,4,22,15,0.0,0.0,0.0,0.0,0.0,0.0,0.0,0.0,0.0,0.0,0.0,0.0,0.0,0.0,1,0.58
2024-05-31,4,Chicago,260.0,1900-01-01 22:35:00,21.2205,47,0,1014.5,1011.56177,1,0,2024,5,31,4,22,35,0.0,0.0,0.0,0.0,0.0,0.0,0.0,0.0,0.0,0.0,0.0,0.0,0.0,0.0,0,0.47333333333333333
2024-05-31,4,Seattle,131.0,1900-01-01 22:35:00,21.2205,47,0,1014.5,1011.56177,1,0,2024,5,31,4,22,35,0.0,0.0,0.0,0.0,0.0,0.0,0.0,0.0,0.0,0.0,0.0,0.0,0.0,0.0,0,0.5
2024-05-31,4,New York,328.0,1900-01-01 22:35:00,21.2205,47,0,1014.5,1011.56177,1,0,2024,5,31,4,22,35,0.0,0.0,0.0,0.0,0.0,0.0,0.0,0.0,0.0,0.0,0.0,0.0,0.0,0.0,1,0.51
2024-05-31,4,Los Angeles,103.0,1900-01-01 22:35:00,21.2205,47,0,1014.5,1011.56177,1,0,2024,5,31,4,22,35,0.0,0.0,0.0,0.0,0.0,0.0,0.0,0.0,0.0,0.0,0.0,0.0,0.0,0.0,1,0.5133333333333333
2024-05-31,4,Dulles,319.0,1900-01-01 22:35:00,21.2205,47,0,1014.5,1011.56177,1,0,2024,5,31,4,22,35,0.0,0.0,0.0,0.0,0.0,0.0,0.0,0.0,0.0,0.0,0.0,0.0,0.0,0.0,0,0.49666666666666665
2024-05-31,4,Cleveland,291.0,1900-01-01 22:35:00,21.2205,47,0,1014.5,1011.56177,1,0,2024,5,31,4,22,35,0.0,0.0,0.0,0.0,0.0,0.0,0.0,0.0,0.0,0.0,0.0,0.0,0.0,0.0,0,0.47333333333333333
2024-05-31,4,Nashville,275.0,1900-01-01 22:35:00,21.2205,47,0,1014.5,1011.56177,1,0,2024,5,31,4,22,35,0.0,0.0,0.0,0.0,0.0,0.0,0.0,0.0,0.0,0.0,0.0,0.0,0.0,0.0,0,0.45666666666666667
2024-05-31,4,Monterey,63.0,1900-01-01 22:41:00,21.2205,47,0,1014.5,1011.56177,1,0,2024,5,31,4,22,41,0.0,0.0,0.0,0.0,0.0,0.0,0.0,0.0,0.0,0.0,0.0,0.0,0.0,0.0,1,0.52
2024-05-31,4,San Luis Obispo,76.0,1900-01-01 22:43:00,21.2205,47,0,1014.5,1011.56177,1,0,2024,5,31,4,22,43,0.0,0.0,0.0,0.0,0.0,0.0,0.0,0.0,0.0,0.0,0.0,0.0,0.0,0.0,1,0.5133333333333333
2024-05-31,4,Pittsburgh,297.0,1900-01-01 22:45:00,21.2205,47,0,1014.5,1011.56177,1,0,2024,5,31,4,22,45,0.0,0.0,0.0,1.0,0.0,0.0,0.0,0.0,0.0,0.0,0.0,0.0,0.0,0.0,0,0.48
2024-05-31,4,Columbus,290.0,1900-01-01 22:45:00,21.2205,47,0,1014.5,1011.56177,1,0,2024,5,31,4,22,45,0.0,0.0,0.0,0.0,0.0,0.0,0.0,0.0,0.0,0.0,0.0,0.0,0.0,0.0,0,0.47
2024-05-31,4,Mexico City,260.0,1900-01-01 22:45:00,21.2205,47,0,1014.5,1011.56177,1,0,2024,5,31,4,22,45,1.0,0.0,0.0,0.0,0.0,0.0,0.0,0.0,0.0,0.0,0.0,0.0,0.0,0.0,0,0.47333333333333333
2024-05-31,4,Fort Lauderdale,343.0,1900-01-01 22:48:00,21.2205,47,0,1014.5,1011.56177,1,0,2024,5,31,4,22,48,0.0,0.0,0.0,0.0,0.0,0.0,0.0,0.0,0.0,0.0,0.0,0.0,0.0,0.0,1,0.52
2024-05-31,4,Orlando,327.0,1900-01-01 22:50:00,21.2205,47,0,1014.5,1011.56177,1,0,2024,5,31,4,22,50,0.0,0.0,0.0,0.0,0.0,0.0,1.0,0.0,0.0,0.0,0.0,0.0,0.0,0.0,1,0.55
2024-05-31,4,Santa Barbara,79.0,1900-01-01 22:55:00,21.2205,47,0,1014.5,1011.56177,1,0,2024,5,31,4,22,55,0.0,0.0,0.0,1.0,0.0,0.0,0.0,0.0,0.0,0.0,0.0,0.0,0.0,0.0,1,0.53
2024-05-31,4,Tampa,327.0,1900-01-01 22:55:00,21.2205,47,0,1014.5,1011.56177,1,0,2024,5,31,4,22,55,0.0,0.0,0.0,0.0,0.0,0.0,0.0,0.0,0.0,0.0,0.0,0.0,0.0,0.0,1,0.55
2024-05-31,4,Singapore,980.0,1900-01-01 22:55:00,21.2205,47,0,1014.5,1011.56177,1,0,2024,5,31,4,22,55,0.0,0.0,0.0,0.0,0.0,0.0,0.0,0.0,0.0,0.0,0.0,0.0,0.0,0.0,1,0.56
2024-05-31,4,Sydney,900.0,1900-01-01 23:00:00,21.3705,44,0,1014.1,1011.16425,1,0,2024,5,31,4,23,0,0.0,0.0,0.0,0.0,0.0,0.0,0.0,0.0,0.0,0.0,1.0,0.0,0.0,0.0,0,0.4866666666666667
2024-05-31,4,Toronto,299.0,1900-01-01 23:01:00,21.3705,44,0,1014.1,1011.16425,1,0,2024,5,31,4,23,1,0.0,0.0,0.0,0.0,0.0,0.0,0.0,0.0,0.0,0.0,0.0,0.0,0.0,0.0,0,0.47333333333333333
2024-05-31,4,Miami,348.0,1900-01-01 23:05:00,21.3705,44,0,1014.1,1011.16425,1,0,2024,5,31,4,23,5,0.0,0.0,0.0,0.0,0.0,0.0,0.0,0.0,0.0,0.0,0.0,0.0,0.0,0.0,1,0.5133333333333333
2024-05-31,4,Eugene,99.0,1900-01-01 23:07:00,21.3705,44,0,1014.1,1011.16425,1,0,2024,5,31,4,23,7,0.0,0.0,0.0,0.0,0.0,0.0,0.0,0.0,0.0,0.0,0.0,0.0,0.0,0.0,1,0.5133333333333333
2024-05-31,4,Las Vegas,107.0,1900-01-01 23:12:00,21.3705,44,0,1014.1,1011.16425,1,0,2024,5,31,4,23,12,0.0,0.0,0.0,0.0,0.0,0.0,0.0,0.0,0.0,0.0,0.0,0.0,0.0,0.0,1,0.54
2024-05-31,4,Medford,92.0,1900-01-01 23:13:00,21.3705,44,0,1014.1,1011.16425,1,0,2024,5,31,4,23,13,0.0,0.0,0.0,1.0,0.0,0.0,0.0,0.0,0.0,0.0,0.0,0.0,0.0,0.0,1,0.5533333333333333
2024-05-31,4,Reno,72.0,1900-01-01 23:18:00,21.3705,44,0,1014.1,1011.16425,1,0,2024,5,31,4,23,18,0.0,0.0,0.0,1.0,0.0,0.0,0.0,0.0,0.0,0.0,0.0,0.0,0.0,0.0,1,0.54
2024-05-31,4,Raleigh/Durham,320.0,1900-01-01 23:20:00,21.3705,44,0,1014.1,1011.16425,1,0,2024,5,31,4,23,20,0.0,0.0,0.0,0.0,0.0,0.0,0.0,0.0,0.0,0.0,0.0,0.0,0.0,0.0,0,0.47333333333333333
2024-05-31,4,Medford,87.0,1900-01-01 10:40:00,10.1205,92,0,1014.1,1011.0479,0,0,2024,5,31,4,10,40,0.0,0.0,0.0,1.0,0.0,0.0,0.0,0.0,0.0,0.0,0.0,0.0,0.0,0.0,0,0.3
2024-05-31,4,Mexico City,272.0,1900-01-01 10:43:00,10.1205,92,0,1014.1,1011.0479,0,0,2024,5,31,4,10,43,0.0,0.0,0.0,0.0,0.0,0.0,0.0,0.0,0.0,0.0,0.0,0.0,0.0,0.0,1,0.52
2024-05-31,4,North Bend,108.0,1900-01-01 10:45:00,10.1205,92,0,1014.1,1011.0479,0,0,2024,5,31,4,10,45,0.0,0.0,0.0,0.0,0.0,0.0,0.0,0.0,0.0,0.0,0.0,0.0,0.0,0.0,0,0.37666666666666665
2024-05-31,4,San Luis Obispo,78.0,1900-01-01 10:45:00,10.1205,92,0,1014.1,1011.0479,0,0,2024,5,31,4,10,45,0.0,0.0,0.0,0.0,0.0,0.0,0.0,0.0,0.0,0.0,0.0,0.0,0.0,0.0,0,0.36666666666666664
2024-05-31,4,Palm Springs,110.0,1900-01-01 10:45:00,10.1205,92,0,1014.1,1011.0479,0,0,2024,5,31,4,10,45,0.0,0.0,0.0,0.0,0.0,0.0,0.0,0.0,0.0,0.0,0.0,0.0,0.0,0.0,0,0.38666666666666666
2024-05-31,4,Burbank,89.0,1900-01-01 10:45:00,10.1205,92,0,1014.1,1011.0479,0,0,2024,5,31,4,10,45,1.0,0.0,0.0,0.0,0.0,0.0,0.0,0.0,0.0,0.0,0.0,0.0,0.0,0.0,0,0.11333333333333333
2024-05-31,4,Redding,72.0,1900-01-01 10:50:00,10.1205,92,0,1014.1,1011.0479,0,0,2024,5,31,4,10,50,0.0,0.0,0.0,0.0,0.0,0.0,0.0,0.0,0.0,0.0,0.0,0.0,0.0,0.0,0,0.43666666666666665
2024-05-31,4,Vancouver,141.0,1900-01-01 10:51:00,10.1205,92,0,1014.1,1011.0479,0,0,2024,5,31,4,10,51,0.0,0.0,0.0,0.0,0.0,0.0,0.0,0.0,0.0,0.0,0.0,0.0,0.0,0.0,0,0.4
2024-05-31,4,Atlanta,297.0,1900-01-01 10:52:00,10.1205,92,0,1014.1,1011.0479,0,0,2024,5,31,4,10,52,0.0,0.0,0.0,0.0,0.0,0.0,0.0,0.0,0.0,0.0,0.0,0.0,0.0,0.0,0,0.5
2024-05-31,4,Santa Barbara,81.0,1900-01-01 10:53:00,10.1205,92,0,1014.1,1011.0479,0,0,2024,5,31,4,10,53,0.0,0.0,0.0,0.0,0.0,0.0,0.0,0.0,0.0,0.0,0.0,0.0,0.0,0.0,0,0.42
2024-05-31,4,Tokyo,660.0,1900-01-01 10:55:00,10.1205,92,0,1014.1,1011.0479,0,0,2024,5,31,4,10,55,0.0,0.0,0.0,0.0,0.0,0.0,0.0,0.0,0.0,0.0,0.0,0.0,0.0,0.0,0,0.46
2024-05-31,4,New York,360.0,1900-01-01 10:55:00,10.1205,92,0,1014.1,1011.0479,0,0,2024,5,31,4,10,55,0.0,0.0,0.0,0.0,0.0,1.0,0.0,0.0,0.0,0.0,0.0,0.0,0.0,0.0,0,0.39
2024-05-31,4,Calgary,161.0,1900-01-01 10:58:00,10.1205,92,0,1014.1,1011.0479,0,0,2024,5,31,4,10,58,1.0,0.0,0.0,0.0,0.0,0.0,0.0,0.0,0.0,0.0,0.0,0.0,0.0,0.0,0,0.19666666666666666
2024-05-31,4,Las Vegas,107.0,1900-01-01 10:58:00,10.1205,92,0,1014.1,1011.0479,0,0,2024,5,31,4,10,58,0.0,0.0,0.0,1.0,0.0,0.0,0.0,0.0,0.0,0.0,0.0,0.0,0.0,0.0,0,0.37666666666666665
2024-05-31,4,Houston,243.0,1900-01-01 10:58:00,10.1205,92,0,1014.1,1011.0479,0,0,2024,5,31,4,10,58,0.0,0.0,0.0,0.0,0.0,0.0,0.0,0.0,0.0,0.0,0.0,0.0,0.0,0.0,0,0.47
2024-05-31,4,Los Angeles,105.0,1900-01-01 11:00:00,9.820499,93,0,1014.2,1011.1445,0,0,2024,5,31,4,11,0,0.0,0.0,0.0,0.0,0.0,0.0,0.0,0.0,0.0,0.0,0.0,0.0,0.0,0.0,0,0.34
2024-05-31,4,Indianapolis,268.0,1900-01-01 11:00:00,9.820499,93,0,1014.2,1011.1445,0,0,2024,5,31,4,11,0,0.0,0.0,0.0,0.0,0.0,0.0,0.0,0.0,0.0,0.0,0.0,0.0,0.0,0.0,0,0.36666666666666664
2024-05-31,4,Nashville,275.0,1900-01-01 11:00:00,9.820499,93,0,1014.2,1011.1445,0,0,2024,5,31,4,11,0,0.0,0.0,0.0,0.0,0.0,0.0,0.0,0.0,0.0,0.0,0.0,0.0,0.0,0.0,0,0.38
2024-05-31,4,Denver,167.0,1900-01-01 11:05:00,9.820499,93,0,1014.2,1011.1445,0,0,2024,5,31,4,11,5,0.0,0.0,0.0,0.0,0.0,0.0,1.0,0.0,0.0,0.0,0.0,0.0,0.0,0.0,1,0.5366666666666666
2024-05-31,4,Dallas,225.0,1900-01-01 11:05:00,9.820499,93,0,1014.2,1011.1445,0,0,2024,5,31,4,11,5,1.0,0.0,0.0,0.0,0.0,0.0,0.0,0.0,0.0,0.0,0.0,0.0,0.0,0.0,0,0.36666666666666664
2024-05-31,4,Boston,354.0,1900-01-01 11:05:00,9.820499,93,0,1014.2,1011.1445,0,0,2024,5,31,4,11,5,0.0,0.0,0.0,0.0,0.0,0.0,0.0,0.0,0.0,0.0,0.0,0.0,0.0,0.0,0,0.4266666666666667
2024-05-31,4,New Orleans,266.0,1900-01-01 11:06:00,9.820499,93,0,1014.2,1011.1445,0,0,2024,5,31,4,11,6,1.0,0.0,0.0,0.0,0.0,0.0,0.0,0.0,0.0,0.0,0.0,0.0,0.0,0.0,0,0.3433333333333333
2024-05-31,4,Dulles,326.0,1900-01-01 11:10:00,9.820499,93,0,1014.2,1011.1445,0,0,2024,5,31,4,11,10,0.0,0.0,0.0,0.0,0.0,0.0,0.0,0.0,0.0,0.0,0.0,0.0,0.0,0.0,0,0.41333333333333333
2024-05-31,4,Belgrade,140.0,1900-01-01 11:10:00,9.820499,93,0,1014.2,1011.1445,0,0,2024,5,31,4,11,10,0.0,0.0,0.0,0.0,0.0,0.0,0.0,0.0,0.0,0.0,0.0,0.0,0.0,0.0,0,0.39
2024-05-31,4,Ontario,99.0,1900-01-01 11:10:00,9.820499,93,0,1014.2,1011.1445,0,0,2024,5,31,4,11,10,0.0,0.0,0.0,0.0,0.0,0.0,0.0,0.0,0.0,0.0,0.0,0.0,0.0,0.0,0,0.39
2024-05-31,4,Osaka,700.0,1900-01-01 11:10:00,9.820499,93,0,1014.2,1011.1445,0,0,2024,5,31,4,11,10,0.0,0.0,0.0,0.0,0.0,0.0,0.0,0.0,0.0,0.0,0.0,0.0,0.0,0.0,0,0.43
2024-05-31,4,Singapore,990.0,1900-01-01 11:15:00,9.820499,93,0,1014.2,1011.1445,0,0,2024,5,31,4,11,15,0.0,0.0,0.0,0.0,0.0,0.0,0.0,0.0,0.0,0.0,0.0,0.0,0.0,0.0,0,0.44333333333333336
2024-05-31,4,San Jose Cabo,195.0,1900-01-01 11:17:00,9.820499,93,0,1014.2,1011.1445,0,0,2024,5,31,4,11,17,0.0,0.0,0.0,1.0,0.0,0.0,0.0,0.0,0.0,0.0,0.0,0.0,0.0,0.0,0,0.43333333333333335
2024-05-31,4,Puerto Vallarta,225.0,1900-01-01 11:19:00,9.820499,93,0,1014.2,1011.1445,0,0,2024,5,31,4,11,19,0.0,0.0,0.0,1.0,0.0,0.0,0.0,0.0,0.0,0.0,0.0,0.0,0.0,0.0,0,0.4633333333333333
2024-05-31,4,Shanghai,780.0,1900-01-01 11:25:00,9.820499,93,0,1014.2,1011.1445,0,0,2024,5,31,4,11,25,0.0,0.0,0.0,0.0,0.0,0.0,0.0,0.0,0.0,0.0,1.0,0.0,0.0,0.0,1,0.52
2024-05-31,4,Honolulu,328.0,1900-01-01 11:25:00,9.820499,93,0,1014.2,1011.1445,0,0,2024,5,31,4,11,25,0.0,0.0,0.0,0.0,0.0,0.0,0.0,0.0,0.0,0.0,0.0,0.0,0.0,0.0,1,0.5166666666666667
2024-05-31,4,Kalispell,158.0,1900-01-01 11:40:00,9.820499,93,0,1014.2,1011.1445,0,0,2024,5,31,4,11,40,0.0,0.0,0.0,0.0,0.0,0.0,0.0,0.0,0.0,0.0,0.0,0.0,0.0,0.0,1,0.7066666666666667
2024-05-31,4,Seattle,137.0,1900-01-01 12:09:00,10.020499,92,0,1014.3,1011.24634,0,0,2024,5,31,4,12,9,0.0,0.0,0.0,0.0,0.0,0.0,0.0,0.0,0.0,0.0,0.0,0.0,0.0,0.0,0,0.45666666666666667
2024-05-31,4,Tokyo,640.0,1900-01-01 12:10:00,10.020499,92,0,1014.3,1011.24634,0,0,2024,5,31,4,12,10,0.0,0.0,0.0,0.0,0.0,0.0,0.0,0.0,0.0,0.0,1.0,0.0,0.0,0.0,1,0.52
2024-05-31,4,Missoula,140.0,1900-01-01 12:15:00,10.020499,92,0,1014.3,1011.24634,0,0,2024,5,31,4,12,15,0.0,0.0,0.0,0.0,0.0,0.0,0.0,0.0,0.0,0.0,0.0,0.0,0.0,0.0,0,0.49333333333333335
2024-05-31,4,London,625.0,1900-01-01 12:30:00,10.020499,92,0,1014.3,1011.24634,0,0,2024,5,31,4,12,30,0.0,0.0,0.0,0.0,0.0,0.0,0.0,0.0,0.0,0.0,0.0,0.0,0.0,0.0,1,0.6266666666666667
2024-05-31,4,Denver,165.0,1900-01-01 12:55:00,10.020499,92,0,1014.3,1011.24634,0,0,2024,5,31,4,12,55,0.0,0.0,0.0,0.0,0.0,0.0,0.0,0.0,0.0,0.0,0.0,0.0,0.0,0.0,1,0.6166666666666667
2024-05-31,4,Portland,111.0,1900-01-01 13:00:00,10.9205,87,0,1014.6,1011.55493,0,0,2024,5,31,4,13,0,0.0,0.0,0.0,0.0,0.0,0.0,0.0,0.0,0.0,0.0,0.0,0.0,0.0,0.0,0,0.38333333333333336
2024-05-31,4,Chicago,270.0,1900-01-01 13:10:00,10.9205,87,0,1014.6,1011.55493,0,0,2024,5,31,4,13,10,0.0,0.0,0.0,0.0,0.0,0.0,1.0,0.0,0.0,0.0,0.0,0.0,0.0,0.0,0,0.41333333333333333
2024-05-31,4,Austin,225.0,1900-01-01 13:10:00,10.9205,87,0,1014.6,1011.55493,0,0,2024,5,31,4,13,10,0.0,0.0,0.0,0.0,0.0,0.0,0.0,0.0,0.0,0.0,0.0,0.0,0.0,0.0,0,0.42
2024-05-31,4,Las Vegas,107.0,1900-01-01 13:10:00,10.9205,87,0,1014.6,1011.55493,0,0,2024,5,31,4,13,10,0.0,0.0,0.0,1.0,0.0,0.0,0.0,0.0,0.0,0.0,0.0,0.0,0.0,0.0,0,0.4066666666666667
2024-05-31,4,Dulles,304.0,1900-01-01 13:10:00,10.9205,87,0,1014.6,1011.55493,0,0,2024,5,31,4,13,10,0.0,0.0,0.0,0.0,0.0,0.0,0.0,0.0,0.0,0.0,0.0,0.0,0.0,0.0,0,0.4066666666666667
2024-05-31,4,Boston,352.0,1900-01-01 23:25:00,21.3705,44,0,1014.1,1011.16425,1,0,2024,5,31,4,23,25,0.0,0.0,0.0,0.0,0.0,0.0,0.0,0.0,0.0,0.0,0.0,0.0,0.0,0.0,1,0.5066666666666667
2024-05-31,4,Melbourne,950.0,1900-01-01 23:25:00,21.3705,44,0,1014.1,1011.16425,1,0,2024,5,31,4,23,25,0.0,0.0,0.0,0.0,0.0,0.0,0.0,0.0,0.0,0.0,0.0,0.0,0.0,0.0,1,0.5066666666666667
2024-05-31,4,Cancun,323.0,1900-01-01 23:25:00,21.3705,44,0,1014.1,1011.16425,1,0,2024,5,31,4,23,25,0.0,0.0,0.0,0.0,0.0,0.0,0.0,0.0,0.0,0.0,0.0,0.0,0.0,0.0,0,0.48
2024-05-31,4,Brisbane,840.0,1900-01-01 23:30:00,21.3705,44,0,1014.1,1011.16425,1,0,2024,5,31,4,23,30,0.0,0.0,0.0,0.0,0.0,0.0,0.0,0.0,0.0,0.0,0.0,0.0,0.0,0.0,1,0.5233333333333333
2024-05-31,4,Chicago,253.0,1900-01-01 23:34:00,21.3705,44,0,1014.1,1011.16425,1,0,2024,5,31,4,23,34,0.0,0.0,0.0,0.0,0.0,0.0,0.0,0.0,0.0,0.0,0.0,0.0,0.0,0.0,0,0.49
2024-05-31,4,New York,335.0,1900-01-01 23:40:00,21.3705,44,0,1014.1,1011.16425,1,0,2024,5,31,4,23,40,0.0,0.0,0.0,0.0,0.0,1.0,0.0,0.0,0.0,0.0,0.0,0.0,0.0,0.0,1,0.6166666666666667
2024-05-31,4,Taipei,800.0,1900-01-01 23:45:00,21.3705,44,0,1014.1,1011.16425,1,0,2024,5,31,4,23,45,0.0,0.0,0.0,0.0,0.0,0.0,0.0,0.0,0.0,0.0,0.0,0.0,0.0,0.0,1,0.5133333333333333
2024-05-31,4,Hong Kong,850.0,1900-01-01 23:50:00,21.3705,44,0,1014.1,1011.16425,1,0,2024,5,31,4,23,50,0.0,0.0,0.0,0.0,0.0,0.0,0.0,0.0,0.0,0.0,1.0,0.0,0.0,0.0,1,0.5033333333333333
2024-05-31,4,Seoul,745.0,1900-01-01 23:55:00,21.3705,44,0,1014.1,1011.16425,1,0,2024,5,31,4,23,55,0.0,0.0,0.0,0.0,0.0,0.0,0.0,0.0,0.0,0.0,0.0,0.0,0.0,0.0,1,0.5433333333333333
2024-05-31,4,Houston,235.0,1900-01-01 23:59:00,21.3705,44,0,1014.1,1011.16425,1,0,2024,5,31,4,23,59,0.0,0.0,0.0,0.0,0.0,0.0,0.0,0.0,0.0,0.0,0.0,0.0,0.0,0.0,0,0.49333333333333335
2024-05-31,4,Philadelphia,334.0,1900-01-01 23:59:00,21.3705,44,0,1014.1,1011.16425,1,0,2024,5,31,4,23,59,0.0,0.0,0.0,0.0,0.0,0.0,0.0,0.0,0.0,0.0,0.0,0.0,0.0,0.0,1,0.5433333333333333
