time,temperature_2m (Â°C),relative_humidity_2m (%),precipitation (mm),pressure_msl (hPa),surface_pressure (hPa),cloud_cover (%),wind_speed_10m (km/h)
2023-01-01,10.516666666666667,80.95833333333333,0.0,1011.225,1011.125,7.416666666666667,17.7625
2023-01-02,9.029166666666667,81.66666666666667,1.2166666666666666,1011.475,1011.375,74.0,13.195833333333333
2023-01-03,9.854166666666666,87.41666666666667,0.008333333333333333,1014.2583333333333,1014.1583333333333,84.66666666666667,12.1875
2023-01-04,12.0625,86.70833333333333,1.4333333333333333,1007.4250000000001,1007.3249999999999,95.91666666666667,25.40833333333333
2023-01-05,11.420833333333334,87.125,0.4041666666666666,1011.3208333333333,1011.2208333333333,66.625,22.675
2023-01-06,11.691666666666668,79.625,0.0,1022.5166666666668,1022.4166666666666,69.41666666666667,11.379166666666668
2023-01-07,12.254166666666668,75.20833333333333,0.5291666666666667,1015.4250000000001,1015.3249999999999,91.83333333333333,22.879166666666666
2023-01-08,13.120833333333332,83.33333333333333,0.8000000000000002,1014.6041666666666,1014.5041666666666,68.33333333333333,16.929166666666667
2023-01-09,13.0875,88.91666666666667,1.2958333333333334,1007.4833333333332,1007.3833333333333,68.45833333333333,17.654166666666665
2023-01-10,11.195833333333333,83.0,0.6875,1008.6791666666667,1008.5791666666668,69.375,27.24166666666667
2023-01-11,11.9625,90.16666666666667,0.9458333333333333,1017.6791666666667,1017.5791666666668,96.25,22.05
2023-01-12,14.066666666666668,77.625,0.0,1019.1458333333334,1019.0458333333332,49.583333333333336,13.170833333333334
2023-01-13,12.991666666666667,81.04166666666667,0.35000000000000003,1015.525,1015.4250000000001,86.25,19.295833333333334
2023-01-14,11.883333333333333,89.45833333333333,1.1125,1006.9833333333332,1006.8833333333333,92.375,24.445833333333336
2023-01-15,10.066666666666666,84.25,0.6291666666666668,1005.6083333333332,1005.5083333333333,90.45833333333333,13.637500000000001
2023-01-16,9.737499999999999,80.08333333333333,0.7583333333333333,1004.5500000000001,1004.4499999999999,66.45833333333333,27.145833333333332
2023-01-17,8.858333333333333,83.41666666666667,0.0,1015.9166666666666,1015.8166666666666,1.5,8.758333333333333
2023-01-18,9.858333333333333,86.66666666666667,0.029166666666666664,1020.7708333333334,1020.6708333333332,66.83333333333333,9.304166666666667
2023-01-19,8.987499999999999,81.0,0.10416666666666667,1023.0416666666666,1022.9416666666666,28.416666666666668,12.85
2023-01-20,8.183333333333334,62.708333333333336,0.0,1026.0041666666666,1025.9041666666667,0.2916666666666667,11.329166666666666
2023-01-21,8.041666666666666,77.70833333333333,0.0,1029.0333333333333,1028.9333333333334,22.375,8.3125
2023-01-22,9.904166666666667,72.0,0.0,1023.5458333333332,1023.4458333333333,21.583333333333332,14.116666666666667
2023-01-23,10.279166666666667,53.541666666666664,0.0,1021.1875,1021.0875,2.1666666666666665,12.4625
2023-01-24,9.6625,70.08333333333333,0.0,1026.9958333333334,1026.8958333333333,1.1666666666666667,9.875
2023-01-25,10.65,75.16666666666667,0.0,1027.875,1027.7749999999999,0.041666666666666664,9.670833333333333
2023-01-26,11.845833333333333,61.625,0.0,1029.2041666666667,1029.1041666666667,0.0,11.8375
2023-01-27,9.625,90.125,0.0,1023.2958333333332,1023.1958333333333,22.458333333333332,9.333333333333334
2023-01-28,9.2875,90.29166666666667,0.0,1016.4041666666667,1016.3041666666667,42.25,12.554166666666667
2023-01-29,8.783333333333333,75.5,0.02916666666666667,1011.65,1011.5500000000001,56.375,22.1125
2023-01-30,6.9750000000000005,56.0,0.0,1018.0166666666668,1017.9166666666666,0.08333333333333333,11.691666666666668
2023-01-31,7.354166666666667,60.041666666666664,0.0,1022.2208333333333,1022.1208333333334,8.75,8.25
2023-02-01,7.75,77.625,0.0,1022.5708333333333,1022.4708333333333,27.708333333333332,7.866666666666667
2023-02-02,8.541666666666666,79.54166666666667,0.0,1023.6374999999999,1023.5375,52.958333333333336,7.783333333333334
2023-02-03,10.295833333333333,85.70833333333333,0.5458333333333333,1023.1166666666667,1023.0166666666668,97.125,10.304166666666665
2023-02-04,11.262500000000001,93.875,0.30416666666666664,1019.15,1019.0500000000001,93.75,16.820833333333333
2023-02-05,9.983333333333333,84.125,0.33749999999999997,1023.3666666666667,1023.2666666666668,43.916666666666664,23.054166666666664
2023-02-06,8.695833333333333,82.875,0.0,1029.0166666666667,1028.9166666666667,2.8333333333333335,8.9625
2023-02-07,9.254166666666666,86.95833333333333,0.0,1027.7124999999999,1027.6125,30.666666666666668,7.470833333333334
2023-02-08,10.0625,86.58333333333333,0.0,1027.5708333333334,1027.4708333333333,6.375,6.8999999999999995
2023-02-09,10.416666666666666,85.45833333333333,0.0,1025.5083333333334,1025.4083333333333,2.0,9.279166666666667
2023-02-10,9.758333333333333,83.16666666666667,0.025000000000000005,1022.5583333333334,1022.4583333333334,39.5,15.804166666666667
2023-02-11,8.758333333333333,81.125,0.2708333333333333,1015.3416666666667,1015.2416666666667,49.166666666666664,12.079166666666666
2023-02-12,9.3125,90.125,0.0,1015.125,1015.025,24.625,7.954166666666667
2023-02-13,9.816666666666666,85.54166666666667,0.0,1012.9958333333334,1012.8958333333334,11.166666666666666,22.400000000000002
2023-02-14,8.0,68.20833333333333,0.008333333333333333,1017.8833333333333,1017.7833333333333,10.375,29.28333333333333
2023-02-15,7.741666666666667,64.41666666666667,0.0,1023.7041666666668,1023.6041666666666,0.16666666666666666,10.516666666666667
2023-02-16,7.654166666666666,72.45833333333333,0.0,1023.8833333333333,1023.7833333333333,41.208333333333336,7.1499999999999995
2023-02-17,8.799999999999999,71.125,0.0,1020.1541666666667,1020.0541666666667,33.0,9.270833333333334
2023-02-18,8.375,76.625,0.0,1018.525,1018.4250000000001,16.625,7.8625
2023-02-19,9.275,78.70833333333333,0.0,1019.0833333333334,1018.9833333333332,19.5,8.133333333333333
2023-02-20,10.320833333333333,80.16666666666667,0.0,1020.1999999999999,1020.1,16.208333333333332,8.049999999999999
2023-02-21,9.225,80.33333333333333,0.0,1011.8583333333332,1011.7583333333333,28.208333333333332,36.025
2023-02-22,6.808333333333334,69.91666666666667,0.0375,1009.025,1008.9250000000001,28.291666666666668,33.28333333333333
2023-02-23,6.133333333333333,75.91666666666667,0.1875,1010.0875000000001,1009.9875000000001,45.75,19.566666666666666
2023-02-24,6.529166666666666,81.25,0.5,1005.7875,1005.6875,63.791666666666664,14.537500000000001
2023-02-25,6.516666666666667,82.91666666666667,0.03333333333333333,1012.1999999999999,1012.1,61.75,8.2125
2023-02-26,7.795833333333333,85.70833333333333,0.32916666666666666,1016.2624999999999,1016.1625,75.125,14.729166666666666
2023-02-27,7.408333333333334,78.16666666666667,0.5875,1014.3833333333333,1014.2833333333333,58.083333333333336,19.733333333333334
2023-02-28,7.941666666666666,84.20833333333333,0.5375,1012.3791666666666,1012.2791666666667,91.25,18.491666666666667
2023-03-01,7.2250000000000005,71.29166666666667,0.008333333333333333,1013.0,1012.9,11.083333333333334,22.491666666666664
2023-03-02,7.945833333333333,78.66666666666667,0.0,1020.6458333333334,1020.5458333333332,9.291666666666666,13.266666666666666
2023-03-03,8.695833333333333,86.0,0.0,1018.3166666666666,1018.2166666666667,48.416666666666664,14.25
2023-03-04,8.408333333333333,74.33333333333333,0.15416666666666665,1012.5333333333333,1012.4333333333334,60.458333333333336,19.129166666666666
2023-03-05,8.266666666666667,70.375,0.19583333333333333,1014.8958333333334,1014.7958333333332,44.958333333333336,19.066666666666666
2023-03-06,7.366666666666667,80.625,0.10833333333333334,1020.7916666666666,1020.6916666666666,43.541666666666664,12.070833333333333
2023-03-07,7.791666666666667,78.5,0.1875,1022.1166666666667,1022.0166666666668,46.208333333333336,9.779166666666667
2023-03-08,8.279166666666667,75.95833333333333,0.10833333333333334,1021.0958333333333,1020.9958333333334,27.125,13.291666666666666
2023-03-09,8.754166666666666,87.04166666666667,1.6291666666666667,1014.4541666666668,1014.3541666666666,86.91666666666667,19.254166666666666
2023-03-10,10.758333333333333,87.25,1.0083333333333333,1009.9041666666667,1009.8041666666667,68.58333333333333,17.333333333333332
2023-03-11,10.737499999999999,92.54166666666667,0.6041666666666666,1014.8249999999999,1014.725,82.375,10.9375
2023-03-12,12.554166666666667,93.79166666666667,0.17916666666666667,1017.7458333333334,1017.6458333333334,96.16666666666667,17.820833333333333
2023-03-13,13.383333333333333,92.04166666666667,0.11666666666666668,1017.8208333333333,1017.7208333333333,94.91666666666667,18.079166666666666
2023-03-14,12.333333333333334,89.54166666666667,0.9583333333333334,1007.5375,1007.4375,96.08333333333333,28.7625
2023-03-15,9.141666666666667,80.375,0.0,1015.9,1015.8000000000001,0.8333333333333334,13.512500000000001
2023-03-16,9.420833333333333,89.79166666666667,0.0,1018.1666666666666,1018.0666666666666,10.666666666666666,9.054166666666667
2023-03-17,9.883333333333333,88.875,0.0,1018.6708333333332,1018.5708333333333,21.458333333333332,9.183333333333334
2023-03-18,12.9125,78.45833333333333,0.004166666666666667,1015.6750000000001,1015.5749999999999,42.25,8.8125
2023-03-19,11.516666666666666,89.33333333333333,0.9166666666666666,1010.3000000000001,1010.1999999999999,96.91666666666667,14.112499999999999
2023-03-20,9.725,80.08333333333333,0.0375,1012.6541666666667,1012.5541666666667,71.54166666666667,12.979166666666666
2023-03-21,9.325000000000001,85.29166666666667,1.4458333333333335,995.7416666666667,995.6416666666668,99.33333333333333,24.291666666666668
2023-03-22,10.341666666666667,85.41666666666667,0.43333333333333335,1010.5749999999999,1010.475,72.58333333333333,15.5
2023-03-23,10.2875,78.45833333333333,0.04583333333333334,1024.4333333333334,1024.3333333333333,48.708333333333336,24.379166666666666
2023-03-24,9.004166666666666,71.16666666666667,0.0,1029.9666666666667,1029.8666666666666,13.083333333333334,27.004166666666666
2023-03-25,8.575000000000001,72.375,0.0,1026.625,1026.5249999999999,9.208333333333334,22.520833333333332
2023-03-26,8.375,68.66666666666667,0.0,1025.55,1025.45,1.5833333333333333,16.391666666666666
2023-03-27,9.108333333333333,77.41666666666667,0.0,1022.8833333333333,1022.7833333333333,21.458333333333332,7.858333333333333
2023-03-28,9.395833333333334,81.54166666666667,0.9249999999999999,1013.5958333333333,1013.4958333333334,73.33333333333333,20.358333333333334
2023-03-29,8.504166666666666,83.16666666666667,0.3416666666666666,1009.6,1009.5,78.625,14.137500000000001
2023-03-30,8.9375,83.20833333333333,0.016666666666666666,1015.7958333333332,1015.6958333333333,27.75,11.9125
2023-03-31,9.420833333333333,80.95833333333333,0.025000000000000005,1023.5416666666666,1023.4416666666666,54.291666666666664,8.045833333333333
2023-04-01,9.825000000000001,82.29166666666667,0.0,1023.8416666666667,1023.7416666666667,11.25,8.237499999999999
2023-04-02,10.183333333333334,78.5,0.029166666666666664,1021.025,1020.9250000000001,48.958333333333336,21.208333333333332
2023-04-03,8.341666666666667,68.41666666666667,0.016666666666666666,1020.6291666666666,1020.5291666666667,4.791666666666667,32.6875
2023-04-04,8.325000000000001,70.45833333333333,0.0,1023.5166666666668,1023.4166666666666,19.916666666666668,20.108333333333334
2023-04-05,9.045833333333333,81.0,0.0,1023.275,1023.1750000000001,32.958333333333336,11.791666666666666
2023-04-06,9.833333333333334,83.33333333333333,0.0,1020.3916666666668,1020.2916666666666,55.958333333333336,9.0375
2023-04-07,11.266666666666666,89.375,0.35833333333333334,1017.1958333333333,1017.0958333333333,85.91666666666667,15.995833333333332
2023-04-08,10.979166666666666,85.95833333333333,0.0,1019.9499999999999,1019.85,57.25,7.483333333333333
2023-04-09,11.875,83.875,0.0,1021.5500000000001,1021.4499999999999,3.5416666666666665,10.012500000000001
2023-04-10,11.924999999999999,94.33333333333333,0.012500000000000002,1018.5666666666666,1018.4666666666667,44.958333333333336,14.012500000000001
2023-04-11,11.683333333333332,87.08333333333333,0.004166666666666667,1019.4916666666667,1019.3916666666668,50.875,24.191666666666666
2023-04-12,9.9625,73.54166666666667,0.0,1015.0416666666666,1014.9416666666666,1.5416666666666667,29.604166666666668
2023-04-13,9.808333333333334,74.66666666666667,0.0,1012.6291666666666,1012.5291666666667,1.9583333333333333,18.416666666666668
2023-04-14,9.633333333333333,84.04166666666667,0.0,1015.4,1015.3000000000001,8.416666666666666,22.4875
2023-04-15,9.645833333333334,83.375,0.0,1020.9833333333332,1020.8833333333333,31.791666666666668,18.641666666666666
2023-04-16,10.258333333333333,79.83333333333333,0.0,1021.6583333333333,1021.5583333333334,27.291666666666668,20.079166666666666
2023-04-17,10.495833333333334,78.95833333333333,0.0,1017.8291666666668,1017.7291666666666,58.208333333333336,19.483333333333334
2023-04-18,10.008333333333333,72.125,0.041666666666666664,1019.0500000000001,1018.9499999999999,23.291666666666668,14.620833333333332
2023-04-19,10.095833333333333,74.54166666666667,0.004166666666666667,1023.6791666666667,1023.5791666666668,3.5416666666666665,20.158333333333335
2023-04-20,10.9,76.625,0.0,1026.8833333333334,1026.7833333333333,10.916666666666666,13.766666666666666
2023-04-21,12.966666666666667,82.16666666666667,0.0,1024.5208333333333,1024.4208333333333,13.666666666666666,12.549999999999999
2023-04-22,12.7875,85.66666666666667,0.0,1016.7083333333334,1016.6083333333332,22.833333333333332,19.716666666666665
2023-04-23,11.725,89.20833333333333,0.0,1014.1,1014.0,59.125,28.212500000000002
2023-04-24,11.320833333333333,78.79166666666667,0.0,1015.625,1015.525,6.208333333333333,23.512500000000003
2023-04-25,11.929166666666667,81.29166666666667,0.0,1014.6916666666666,1014.5916666666667,12.333333333333334,12.725
2023-04-26,13.104166666666666,78.66666666666667,0.0,1015.0791666666668,1014.9791666666666,41.833333333333336,10.804166666666667
2023-04-27,14.608333333333334,72.79166666666667,0.0,1013.5666666666666,1013.4666666666667,36.791666666666664,11.966666666666667
2023-04-28,12.8125,80.20833333333333,0.0,1014.775,1014.6750000000001,69.875,13.049999999999999
2023-04-29,10.879166666666668,87.70833333333333,0.0,1017.3708333333334,1017.2708333333334,78.95833333333333,16.325
2023-04-30,11.629166666666668,82.0,0.004166666666666667,1014.8666666666667,1014.7666666666668,47.583333333333336,32.708333333333336
2023-05-01,11.108333333333334,78.79166666666667,0.19166666666666665,1010.625,1010.525,78.29166666666667,31.3
2023-05-02,10.716666666666667,78.5,0.5666666666666668,1009.2791666666667,1009.1791666666667,88.75,12.104166666666666
2023-05-03,11.3375,82.125,0.6541666666666667,1009.9708333333333,1009.8708333333334,97.91666666666667,12.354166666666666
2023-05-04,11.2875,87.33333333333333,0.008333333333333333,1012.3333333333334,1012.2333333333332,65.08333333333333,10.904166666666667
2023-05-05,11.716666666666667,84.45833333333333,0.08750000000000001,1017.6583333333333,1017.5583333333334,66.875,12.095833333333333
2023-05-06,12.362499999999999,87.0,0.06666666666666667,1018.9208333333332,1018.8208333333333,78.79166666666667,14.854166666666666
2023-05-07,11.570833333333333,84.75,0.0,1019.9875000000001,1019.8874999999999,33.75,9.654166666666667
2023-05-08,12.0875,82.29166666666667,0.07083333333333333,1019.0958333333333,1018.9958333333334,45.708333333333336,15.041666666666666
2023-05-09,12.433333333333332,86.125,0.008333333333333333,1017.2666666666668,1017.1666666666666,44.916666666666664,15.4625
2023-05-10,12.170833333333334,79.33333333333333,0.004166666666666667,1018.5291666666667,1018.4291666666667,58.5,20.175
2023-05-11,12.375,84.125,0.0,1018.6750000000001,1018.5749999999999,45.25,19.633333333333333
2023-05-12,12.816666666666668,88.16666666666667,0.0,1017.3041666666667,1017.2041666666668,32.916666666666664,18.891666666666666
2023-05-13,14.7875,87.91666666666667,0.0,1012.4583333333334,1012.3583333333332,31.125,13.033333333333333
2023-05-14,14.358333333333334,85.95833333333333,0.0,1010.9625,1010.8625000000001,50.916666666666664,19.608333333333334
2023-05-15,14.137500000000001,85.41666666666667,0.0,1017.9791666666666,1017.8791666666666,47.625,15.700000000000001
2023-05-16,13.116666666666667,91.375,0.0,1017.3000000000001,1017.1999999999999,84.625,16.962500000000002
2023-05-17,12.691666666666668,90.125,0.0,1014.6666666666666,1014.5666666666666,88.54166666666667,18.908333333333335
2023-05-18,13.116666666666667,85.58333333333333,0.0,1014.2958333333332,1014.1958333333333,47.666666666666664,22.854166666666668
2023-05-19,13.270833333333334,86.16666666666667,0.0,1017.2166666666667,1017.1166666666667,47.375,25.05
2023-05-20,12.9625,86.70833333333333,0.0,1019.6583333333333,1019.5583333333334,89.25,23.912499999999998
2023-05-21,13.595833333333333,85.29166666666667,0.0,1016.5791666666668,1016.4791666666666,65.33333333333333,17.491666666666667
2023-05-22,13.595833333333333,83.66666666666667,0.0,1012.8833333333333,1012.7833333333333,35.791666666666664,17.604166666666668
2023-05-23,13.504166666666668,79.79166666666667,0.0,1011.275,1011.1750000000001,53.0,21.4375
2023-05-24,13.308333333333335,77.29166666666667,0.0,1012.25,1012.15,58.791666666666664,16.458333333333332
2023-05-25,13.266666666666666,79.54166666666667,0.0,1011.6750000000001,1011.5749999999999,73.33333333333333,18.4875
2023-05-26,13.575000000000001,79.5,0.008333333333333333,1014.1750000000001,1014.0749999999999,65.08333333333333,15.854166666666666
2023-05-27,13.125,82.16666666666667,0.0,1015.2208333333333,1015.1208333333334,81.58333333333333,18.204166666666666
2023-05-28,12.975,83.75,0.0,1013.4416666666666,1013.3416666666667,94.08333333333333,19.95
2023-05-29,14.075000000000001,77.33333333333333,0.0,1014.0166666666668,1013.9166666666666,61.458333333333336,18.104166666666668
2023-05-30,13.883333333333333,78.33333333333333,0.0,1014.9875000000001,1014.8874999999999,44.458333333333336,16.325
2023-05-31,13.095833333333333,79.29166666666667,0.0,1012.8541666666666,1012.7541666666666,58.125,19.591666666666665
2023-06-01,13.508333333333333,79.33333333333333,0.0,1012.3291666666668,1012.2291666666666,21.375,18.287499999999998
2023-06-02,13.674999999999999,80.58333333333333,0.0,1015.1041666666666,1015.0041666666666,13.083333333333334,16.691666666666666
2023-06-03,14.191666666666668,78.5,0.0,1013.5041666666666,1013.4041666666667,16.583333333333332,17.354166666666668
2023-06-04,14.366666666666667,80.91666666666667,0.0,1010.6416666666668,1010.5416666666666,32.125,18.4875
2023-06-05,13.575000000000001,83.875,0.0,1009.5958333333333,1009.4958333333334,90.08333333333333,23.59166666666667
2023-06-06,15.283333333333333,79.58333333333333,0.0,1010.4499999999999,1010.35,70.54166666666667,20.158333333333335
2023-06-07,15.429166666666667,78.75,0.0,1014.3958333333334,1014.2958333333332,59.541666666666664,16.391666666666666
2023-06-08,14.970833333333333,82.125,0.0,1017.0,1016.9,37.208333333333336,13.008333333333333
2023-06-09,14.058333333333332,80.79166666666667,0.0,1016.8333333333334,1016.7333333333332,90.16666666666667,15.545833333333334
2023-06-10,13.170833333333334,82.54166666666667,0.0,1013.4708333333333,1013.3708333333334,87.29166666666667,17.3125
2023-06-11,14.0625,81.54166666666667,0.0,1011.1291666666666,1011.0291666666667,84.95833333333333,19.783333333333335
2023-06-12,15.229166666666666,76.70833333333333,0.008333333333333333,1015.5916666666667,1015.4916666666667,63.791666666666664,20.291666666666668
2023-06-13,14.741666666666667,80.08333333333333,0.0,1016.7208333333333,1016.6208333333334,68.29166666666667,15.470833333333333
2023-06-14,14.083333333333334,84.08333333333333,0.0,1013.1958333333333,1013.0958333333333,86.91666666666667,18.224999999999998
2023-06-15,14.645833333333334,80.08333333333333,0.0,1012.0,1011.9,58.166666666666664,18.7375
2023-06-16,15.241666666666667,82.04166666666667,0.0,1014.6875,1014.5875,45.75,19.445833333333333
2023-06-17,14.870833333333332,83.79166666666667,0.0,1015.0,1014.9,66.75,18.412499999999998
2023-06-18,14.958333333333334,75.375,0.0,1012.4458333333333,1012.3458333333333,18.333333333333332,29.3125
2023-06-19,13.766666666666667,75.33333333333333,0.0,1016.1458333333334,1016.0458333333332,6.916666666666667,32.96666666666667
2023-06-20,13.875,75.5,0.0,1019.7166666666667,1019.6166666666667,0.25,20.029166666666665
2023-06-21,13.512500000000001,82.04166666666667,0.0,1017.1708333333332,1017.0708333333333,11.958333333333334,19.325
2023-06-22,14.345833333333333,79.5,0.016666666666666666,1014.3208333333333,1014.2208333333333,79.04166666666667,18.575
2023-06-23,14.708333333333334,78.625,0.004166666666666667,1017.4541666666668,1017.3541666666666,67.91666666666667,17.070833333333333
2023-06-24,14.133333333333333,80.16666666666667,0.0,1018.4041666666667,1018.3041666666667,80.66666666666667,20.191666666666666
2023-06-25,13.783333333333333,81.625,0.004166666666666667,1018.9208333333332,1018.8208333333333,93.25,19.679166666666667
2023-06-26,13.799999999999999,82.16666666666667,0.0,1016.3208333333333,1016.2208333333333,83.75,22.666666666666668
2023-06-27,13.5625,83.33333333333333,0.0,1013.5458333333332,1013.4458333333333,88.08333333333333,22.295833333333334
2023-06-28,13.262500000000001,84.58333333333333,0.0,1013.8375,1013.7375000000001,89.04166666666667,21.479166666666668
2023-06-29,14.125,82.70833333333333,0.0,1013.8166666666666,1013.7166666666667,57.041666666666664,17.625
2023-06-30,15.4,78.125,0.0,1012.85,1012.75,25.791666666666668,16.183333333333334
2023-07-01,18.141666666666666,69.25,0.0,1012.1583333333333,1012.0583333333334,28.333333333333332,12.674999999999999
2023-07-02,19.4875,64.16666666666667,0.0,1011.6083333333332,1011.5083333333333,33.375,14.220833333333333
2023-07-03,15.195833333333333,83.375,0.0,1012.7291666666666,1012.6291666666666,75.79166666666667,19.316666666666666
2023-07-04,14.679166666666667,81.08333333333333,0.0,1013.6,1013.5,58.833333333333336,17.620833333333334
2023-07-05,14.762500000000001,81.25,0.0,1014.3249999999999,1014.225,77.33333333333333,18.516666666666666
2023-07-06,14.670833333333334,82.83333333333333,0.0,1013.7875,1013.6875,87.33333333333333,17.754166666666666
2023-07-07,14.045833333333334,81.125,0.0,1013.1791666666667,1013.0791666666668,65.875,27.59583333333333
2023-07-08,13.708333333333334,81.33333333333333,0.0,1013.9375,1013.8375,68.125,31.579166666666666
2023-07-09,14.508333333333333,80.08333333333333,0.0,1015.375,1015.275,82.54166666666667,26.566666666666666
2023-07-10,14.370833333333332,83.20833333333333,0.0,1015.6625,1015.5625,55.708333333333336,18.891666666666666
2023-07-11,14.958333333333334,80.58333333333333,0.0,1015.0625,1014.9625,50.666666666666664,16.1375
2023-07-12,14.454166666666666,84.79166666666667,0.0,1016.2708333333334,1016.1708333333332,46.333333333333336,18.604166666666668
2023-07-13,15.129166666666668,81.66666666666667,0.0,1016.1833333333334,1016.0833333333334,13.666666666666666,19.541666666666668
2023-07-14,14.637500000000001,84.875,0.0,1014.6,1014.5,68.45833333333333,17.395833333333332
2023-07-15,15.4375,81.0,0.0,1012.2541666666666,1012.1541666666667,41.583333333333336,15.958333333333334
2023-07-16,17.650000000000002,70.79166666666667,0.0,1010.8000000000001,1010.6999999999999,44.333333333333336,17.075
2023-07-17,16.833333333333332,72.70833333333333,0.0,1011.6833333333334,1011.5833333333334,25.0,22.075
2023-07-18,14.779166666666667,82.83333333333333,0.0,1014.1374999999999,1014.0375,48.333333333333336,21.150000000000002
2023-07-19,14.358333333333334,85.375,0.0,1016.2958333333332,1016.1958333333333,72.25,18.229166666666668
2023-07-20,15.325000000000001,80.41666666666667,0.0,1016.3375,1016.2375000000001,29.166666666666668,17.504166666666666
2023-07-21,16.245833333333334,74.16666666666667,0.0,1013.6458333333334,1013.5458333333332,2.5833333333333335,17.945833333333333
2023-07-22,17.370833333333334,69.08333333333333,0.0,1011.0083333333333,1010.9083333333333,19.958333333333332,17.775000000000002
2023-07-23,16.316666666666666,74.08333333333333,0.0,1012.2375000000001,1012.1374999999999,22.458333333333332,21.40416666666667
2023-07-24,15.049999999999999,83.79166666666667,0.0,1017.5166666666668,1017.4166666666666,35.75,22.05
2023-07-25,15.695833333333333,84.45833333333333,0.0,1017.1458333333334,1017.0458333333332,45.375,19.541666666666668
2023-07-26,15.904166666666667,80.04166666666667,0.0,1015.6374999999999,1015.5375,12.75,19.2375
2023-07-27,15.341666666666667,79.41666666666667,0.0,1015.9833333333332,1015.8833333333333,2.9166666666666665,21.2375
2023-07-28,15.15,81.95833333333333,0.0,1016.6666666666666,1016.5666666666666,20.708333333333332,21.108333333333334
2023-07-29,15.066666666666668,81.08333333333333,0.0,1017.7458333333334,1017.6458333333334,26.041666666666668,19.55
2023-07-30,15.466666666666667,78.04166666666667,0.0,1016.6,1016.5,6.375,19.020833333333332
2023-07-31,15.404166666666667,81.125,0.0,1015.775,1015.6750000000001,24.291666666666668,20.033333333333335
2023-08-01,14.941666666666668,85.70833333333333,0.0,1016.7291666666666,1016.6291666666667,83.83333333333333,19.133333333333333
2023-08-02,14.9375,87.08333333333333,0.0,1017.5875,1017.4875000000001,86.875,22.6125
2023-08-03,14.595833333333333,90.70833333333333,0.025000000000000005,1018.9499999999999,1018.85,90.0,25.329166666666666
2023-08-04,14.549999999999999,88.95833333333333,0.0,1017.2916666666666,1017.1916666666666,72.25,20.037499999999998
2023-08-05,16.037499999999998,82.33333333333333,0.0,1015.7291666666666,1015.6291666666666,33.041666666666664,18.2
2023-08-06,17.4375,74.75,0.0,1015.4,1015.3000000000001,0.041666666666666664,16.579166666666666
2023-08-07,17.145833333333332,77.41666666666667,0.0,1014.3916666666668,1014.2916666666666,12.666666666666666,18.408333333333335
2023-08-08,15.808333333333332,88.45833333333333,0.0,1014.8958333333334,1014.7958333333332,88.41666666666667,23.429166666666664
2023-08-09,15.691666666666668,86.41666666666667,0.0,1013.8041666666667,1013.7041666666668,85.29166666666667,18.195833333333333
2023-08-10,16.058333333333334,87.5,0.0,1013.975,1013.875,85.66666666666667,18.120833333333334
2023-08-11,16.033333333333335,87.16666666666667,0.0,1015.5375,1015.4375,84.75,16.920833333333334
2023-08-12,17.054166666666667,79.125,0.0,1015.8791666666666,1015.7791666666667,64.125,14.229166666666666
2023-08-13,16.7625,80.16666666666667,0.0,1014.6333333333333,1014.5333333333333,75.375,13.5375
2023-08-14,16.966666666666665,77.54166666666667,0.0,1013.4916666666667,1013.3916666666668,68.79166666666667,13.108333333333334
2023-08-15,16.454166666666666,80.83333333333333,0.0,1015.0666666666666,1014.9666666666667,69.41666666666667,13.8375
2023-08-16,17.170833333333334,85.25,0.0,1014.0124999999999,1013.9125,83.20833333333333,13.2875
2023-08-17,17.245833333333334,86.33333333333333,0.0,1011.4125,1011.3125,86.95833333333333,14.924999999999999
2023-08-18,17.7,83.41666666666667,0.0,1010.9499999999999,1010.85,80.125,16.829166666666666
2023-08-19,16.8,85.66666666666667,0.0,1009.85,1009.75,78.29166666666667,15.045833333333334
2023-08-20,17.7,80.20833333333333,0.0,1007.025,1006.9250000000001,59.333333333333336,13.625
2023-08-21,19.666666666666668,76.91666666666667,0.0,1011.4499999999999,1011.35,50.708333333333336,22.491666666666664
2023-08-22,19.4875,80.66666666666667,0.0,1015.6625,1015.5625,45.833333333333336,12.170833333333334
2023-08-23,20.433333333333334,72.95833333333333,0.0,1013.1125000000001,1013.0124999999999,23.25,10.775
2023-08-24,19.412499999999998,77.125,0.0,1012.5625,1012.4625,25.125,18.95
2023-08-25,17.020833333333332,83.5,0.0,1015.4708333333333,1015.3708333333334,65.58333333333333,15.233333333333334
2023-08-26,15.941666666666668,85.08333333333333,0.0,1016.4125,1016.3125,66.04166666666667,17.55
2023-08-27,17.029166666666665,80.625,0.0,1016.9458333333333,1016.8458333333333,6.208333333333333,19.054166666666667
2023-08-28,17.404166666666665,78.625,0.0,1015.6541666666667,1015.5541666666667,0.125,19.195833333333333
2023-08-29,17.929166666666667,73.75,0.0,1015.1458333333334,1015.0458333333332,0.3333333333333333,21.333333333333332
2023-08-30,19.045833333333334,69.66666666666667,0.0,1011.5083333333333,1011.4083333333333,3.125,12.283333333333333
2023-08-31,16.666666666666668,84.70833333333333,0.0,1008.125,1008.025,48.416666666666664,21.770833333333332
2023-09-01,16.75,87.125,0.04583333333333334,1010.1583333333333,1010.0583333333334,82.20833333333333,18.220833333333335
2023-09-02,18.120833333333334,78.20833333333333,0.0,1014.9125,1014.8125,43.625,10.275
2023-09-03,17.270833333333332,85.08333333333333,0.0,1017.4416666666666,1017.3416666666667,59.0,12.141666666666666
2023-09-04,15.983333333333334,87.83333333333333,0.0,1015.5541666666667,1015.4541666666668,70.25,15.545833333333334
2023-09-05,16.875,78.83333333333333,0.0,1012.3333333333334,1012.2333333333332,12.208333333333334,14.1875
2023-09-06,16.695833333333333,80.95833333333333,0.0,1014.2083333333334,1014.1083333333332,49.333333333333336,17.758333333333333
2023-09-07,15.9375,82.95833333333333,0.0,1014.9541666666668,1014.8541666666666,39.583333333333336,14.129166666666668
2023-09-08,16.5625,78.5,0.0,1016.3708333333334,1016.2708333333334,26.666666666666668,12.829166666666666
2023-09-09,15.862499999999999,82.58333333333333,0.0,1017.9083333333333,1017.8083333333334,12.458333333333334,14.379166666666668
2023-09-10,16.0625,80.0,0.0,1016.7666666666668,1016.6666666666666,27.666666666666668,15.083333333333334
2023-09-11,16.766666666666666,80.95833333333333,0.0,1015.375,1015.275,13.75,18.3
2023-09-12,16.341666666666665,81.5,0.0,1014.3416666666667,1014.2416666666667,26.208333333333332,17.916666666666668
2023-09-13,16.6125,84.45833333333333,0.0,1013.2958333333332,1013.1958333333333,43.791666666666664,15.237499999999999
2023-09-14,16.066666666666666,87.29166666666667,0.0,1013.5083333333333,1013.4083333333333,80.45833333333333,16.691666666666666
2023-09-15,16.670833333333334,85.70833333333333,0.0,1014.475,1014.375,71.95833333333333,14.695833333333333
2023-09-16,17.633333333333333,80.54166666666667,0.0,1015.0124999999999,1014.9125,75.45833333333333,15.15
2023-09-17,17.383333333333333,83.41666666666667,0.008333333333333333,1015.7624999999999,1015.6625,72.29166666666667,13.954166666666666
2023-09-18,17.337500000000002,82.04166666666667,0.004166666666666667,1015.9875000000001,1015.8874999999999,56.5,13.275
2023-09-19,15.733333333333334,85.91666666666667,0.0,1014.4583333333334,1014.3583333333332,60.166666666666664,14.254166666666668
2023-09-20,15.6625,82.54166666666667,0.0,1010.9083333333333,1010.8083333333334,30.416666666666668,18.066666666666666
2023-09-21,16.1125,76.91666666666667,0.0,1011.7791666666667,1011.6791666666667,11.833333333333334,15.0625
2023-09-22,15.891666666666666,79.41666666666667,0.0,1015.4583333333334,1015.3583333333332,16.875,11.450000000000001
2023-09-23,15.0875,80.91666666666667,0.0,1016.75,1016.65,35.0,12.404166666666667
2023-09-24,16.087500000000002,79.91666666666667,0.0,1016.6416666666668,1016.5416666666666,42.083333333333336,11.987499999999999
2023-09-25,18.2,69.45833333333333,0.0,1017.8166666666666,1017.7166666666667,33.25,15.2875
2023-09-26,17.962500000000002,82.41666666666667,0.008333333333333333,1019.9583333333334,1019.8583333333332,71.20833333333333,15.333333333333334
2023-09-27,16.920833333333334,79.54166666666667,0.0,1017.7875,1017.6875,8.958333333333334,20.583333333333332
2023-09-28,16.445833333333333,79.125,0.0,1013.6583333333333,1013.5583333333334,3.875,13.958333333333334
2023-09-29,16.983333333333334,80.75,0.041666666666666664,1010.8833333333333,1010.7833333333333,48.75,22.070833333333336
2023-09-30,15.5875,81.79166666666667,0.016666666666666666,1009.1916666666666,1009.0916666666667,58.541666666666664,17.433333333333334
2023-10-01,15.595833333333333,78.79166666666667,0.0,1012.0291666666667,1011.9291666666667,8.666666666666666,9.791666666666666
2023-10-02,15.375,79.91666666666667,0.0,1016.4250000000001,1016.3249999999999,14.916666666666666,10.308333333333334
2023-10-03,16.054166666666667,77.125,0.0,1015.525,1015.4250000000001,9.583333333333334,8.629166666666666
2023-10-04,21.40416666666667,59.833333333333336,0.0,1014.1416666666668,1014.0416666666666,0.125,7.779166666666666
2023-10-05,23.054166666666664,54.375,0.0,1015.4833333333332,1015.3833333333333,0.0,8.637500000000001
2023-10-06,22.804166666666664,51.666666666666664,0.0,1014.0500000000001,1013.9499999999999,0.0,9.795833333333333
2023-10-07,20.170833333333334,64.125,0.0,1011.8874999999999,1011.7875,0.9166666666666666,10.8375
2023-10-08,16.429166666666667,81.75,0.0,1012.0583333333334,1011.9583333333334,10.25,15.616666666666667
2023-10-09,16.95,80.45833333333333,0.04583333333333334,1011.6374999999999,1011.5375,91.66666666666667,14.708333333333334
2023-10-10,16.875,83.125,0.020833333333333332,1010.4625,1010.3625000000001,51.875,16.900000000000002
2023-10-11,15.595833333333333,77.25,0.0,1011.8375,1011.7375000000001,5.5,22.8125
2023-10-12,15.7125,73.54166666666667,0.0,1010.8375,1010.7375000000001,15.875,9.079166666666667
2023-10-13,15.174999999999999,78.95833333333333,0.0,1012.3958333333334,1012.2958333333332,51.916666666666664,10.1
2023-10-14,16.995833333333334,76.625,0.02916666666666667,1017.7333333333332,1017.6333333333333,83.25,9.320833333333333
2023-10-15,16.954166666666666,86.29166666666667,0.0,1019.2416666666667,1019.1416666666668,69.20833333333333,8.745833333333334
2023-10-16,17.2375,82.16666666666667,0.0,1019.1583333333333,1019.0583333333334,64.33333333333333,10.033333333333333
2023-10-17,16.729166666666668,89.79166666666667,0.0,1016.5291666666667,1016.4291666666667,58.041666666666664,12.9625
2023-10-18,17.962500000000002,78.41666666666667,0.0,1013.8625000000001,1013.7624999999999,28.083333333333332,8.333333333333334
2023-10-19,20.375,70.08333333333333,0.0,1013.4916666666667,1013.3916666666668,17.958333333333332,9.995833333333334
2023-10-20,15.700000000000001,83.20833333333333,0.0,1014.3708333333334,1014.2708333333334,52.875,14.554166666666667
2023-10-21,16.033333333333335,78.625,0.0,1012.9250000000001,1012.8249999999999,30.583333333333332,12.654166666666667
2023-10-22,16.904166666666665,84.04166666666667,0.16666666666666666,1009.9333333333334,1009.8333333333334,84.5,19.016666666666666
2023-10-23,15.966666666666667,88.04166666666667,0.004166666666666667,1010.6750000000001,1010.5749999999999,31.75,13.466666666666667
2023-10-24,15.354166666666666,86.66666666666667,0.0,1011.6041666666666,1011.5041666666666,42.458333333333336,11.870833333333332
2023-10-25,15.020833333333334,79.83333333333333,0.0,1015.7333333333332,1015.6333333333333,45.333333333333336,19.775000000000002
2023-10-26,13.070833333333333,65.33333333333333,0.0,1019.3583333333332,1019.2583333333333,7.375,13.166666666666666
2023-10-27,12.566666666666668,76.04166666666667,0.0,1019.6583333333333,1019.5583333333334,8.375,16.3125
2023-10-28,13.170833333333334,70.08333333333333,0.0,1019.975,1019.875,5.875,12.120833333333332
2023-10-29,15.020833333333334,39.833333333333336,0.0,1020.9375,1020.8375,2.7916666666666665,10.533333333333333
2023-10-30,14.754166666666668,57.25,0.0,1021.0041666666666,1020.9041666666667,15.041666666666666,9.816666666666666
2023-10-31,15.354166666666666,56.833333333333336,0.0,1019.7875,1019.6875,17.666666666666668,8.420833333333333
2023-11-01,15.354166666666666,61.833333333333336,0.0,1018.5458333333332,1018.4458333333333,7.0,8.566666666666666
2023-11-02,15.475,67.70833333333333,0.0,1019.5458333333332,1019.4458333333333,35.125,8.362499999999999
2023-11-03,16.125,77.20833333333333,0.0,1019.2041666666668,1019.1041666666666,42.041666666666664,9.85
2023-11-04,15.933333333333332,92.875,0.0,1018.7166666666667,1018.6166666666667,91.04166666666667,10.608333333333333
2023-11-05,16.4875,89.29166666666667,0.18333333333333335,1015.9625,1015.8625000000001,93.70833333333333,13.058333333333332
2023-11-06,15.745833333333332,89.125,0.07916666666666668,1014.5291666666667,1014.4291666666667,58.041666666666664,14.979166666666666
2023-11-07,13.783333333333333,83.08333333333333,0.008333333333333333,1019.6083333333332,1019.5083333333333,7.833333333333333,14.625
2023-11-08,13.383333333333333,70.375,0.0,1023.35,1023.25,0.125,9.775
2023-11-09,12.583333333333334,79.125,0.0,1022.6166666666667,1022.5166666666668,30.208333333333332,7.45
2023-11-10,12.870833333333332,77.04166666666667,0.004166666666666667,1020.4250000000001,1020.3249999999999,24.375,7.466666666666666
2023-11-11,13.770833333333334,75.95833333333333,0.0,1020.8291666666668,1020.7291666666666,8.708333333333334,6.4375
2023-11-12,13.683333333333332,81.83333333333333,0.0,1016.1875,1016.0875,27.833333333333332,10.491666666666667
2023-11-13,13.508333333333333,84.08333333333333,0.0,1014.6,1014.5,53.833333333333336,8.6875
2023-11-14,15.579166666666666,78.41666666666667,0.4041666666666666,1013.7541666666666,1013.6541666666667,57.291666666666664,9.479166666666666
2023-11-15,14.604166666666666,79.83333333333333,0.425,1009.65,1009.5500000000001,64.0,7.458333333333333
2023-11-16,14.783333333333333,89.16666666666667,0.5166666666666666,1014.1166666666667,1014.0166666666668,61.416666666666664,8.579166666666667
2023-11-17,14.758333333333333,91.41666666666667,1.4791666666666667,1012.3583333333332,1012.2583333333333,74.20833333333333,11.295833333333334
2023-11-18,15.25,89.625,0.2625,1013.3125,1013.2125,79.0,22.945833333333336
2023-11-19,12.779166666666667,73.66666666666667,0.0,1026.2458333333332,1026.1458333333333,8.083333333333334,16.795833333333334
2023-11-20,12.625,56.458333333333336,0.0,1023.6583333333333,1023.5583333333334,0.041666666666666664,11.120833333333332
2023-11-21,11.820833333333333,82.41666666666667,0.0,1026.3541666666667,1026.2541666666666,33.583333333333336,8.65
2023-11-22,12.479166666666666,80.375,0.0,1022.0291666666667,1021.9291666666667,54.291666666666664,8.0625
2023-11-23,12.85,82.41666666666667,0.0,1013.3708333333334,1013.2708333333334,5.75,8.6625
2023-11-24,10.541666666666666,58.416666666666664,0.0,1014.8958333333334,1014.7958333333332,0.25,9.3125
2023-11-25,10.666666666666666,56.75,0.0,1019.1083333333332,1019.0083333333333,0.9583333333333334,11.520833333333334
2023-11-26,10.775,68.54166666666667,0.0,1019.8708333333334,1019.7708333333334,27.125,9.079166666666667
2023-11-27,10.450000000000001,77.16666666666667,0.0,1019.5958333333333,1019.4958333333334,17.875,7.983333333333333
2023-11-28,11.604166666666666,80.08333333333333,0.0,1019.6708333333332,1019.5708333333333,14.875,8.3375
2023-11-29,12.020833333333334,81.625,1.0958333333333332,1016.0208333333334,1015.9208333333332,57.041666666666664,10.904166666666667
2023-11-30,12.208333333333334,84.33333333333333,0.0,1016.2916666666666,1016.1916666666666,17.583333333333332,20.508333333333333
2023-12-01,11.941666666666668,78.29166666666667,0.004166666666666667,1021.1958333333333,1021.0958333333333,33.5,15.766666666666666
2023-12-02,13.370833333333332,91.58333333333333,0.10833333333333334,1024.1000000000001,1024.0,94.375,11.129166666666668
2023-12-03,13.404166666666667,93.91666666666667,0.08333333333333333,1025.9583333333333,1025.8583333333333,87.83333333333333,8.4
2023-12-04,13.054166666666667,95.20833333333333,0.0,1024.5041666666666,1024.4041666666667,76.66666666666667,7.058333333333334
2023-12-05,13.387500000000001,91.75,0.0,1021.8041666666667,1021.7041666666668,63.666666666666664,7.608333333333333
2023-12-06,13.291666666666666,90.58333333333333,0.29583333333333334,1018.1833333333334,1018.0833333333334,66.29166666666667,17.1375
2023-12-07,12.166666666666666,80.16666666666667,0.075,1023.0500000000001,1022.9499999999999,27.208333333333332,13.870833333333332
2023-12-08,9.674999999999999,80.0,0.0,1024.9125000000001,1024.8125,5.791666666666667,9.504166666666666
2023-12-09,9.479166666666666,68.79166666666667,0.0,1026.8208333333334,1026.7208333333333,20.291666666666668,9.916666666666666
2023-12-10,9.25,78.66666666666667,0.0,1025.2916666666667,1025.1916666666666,52.458333333333336,9.387500000000001
2023-12-11,10.254166666666666,84.75,0.0,1018.9291666666667,1018.8291666666668,17.833333333333332,7.833333333333333
2023-12-12,11.725,93.04166666666667,0.0,1016.0083333333333,1015.9083333333333,45.541666666666664,7.845833333333334
2023-12-13,10.5875,79.625,0.0,1018.0749999999999,1017.975,33.291666666666664,8.075000000000001
2023-12-14,10.204166666666667,84.58333333333333,0.0,1021.1416666666668,1021.0416666666666,34.291666666666664,7.8875
2023-12-15,10.870833333333332,78.54166666666667,0.0,1020.6374999999999,1020.5375,32.083333333333336,8.691666666666666
2023-12-16,11.504166666666665,74.79166666666667,0.0,1018.7916666666666,1018.6916666666666,14.291666666666666,9.070833333333333
2023-12-17,11.1875,82.375,2.4458333333333333,1016.6416666666668,1016.5416666666666,65.41666666666667,10.487499999999999
2023-12-18,13.316666666666668,91.70833333333333,0.7875,1010.1999999999999,1010.1,94.54166666666667,18.220833333333335
2023-12-19,14.75,90.79166666666667,0.4666666666666666,1007.6833333333334,1007.5833333333334,83.16666666666667,20.629166666666666
2023-12-20,13.137500000000001,89.66666666666667,1.3541666666666667,1007.7041666666668,1007.6041666666666,88.16666666666667,14.670833333333334
2023-12-21,13.012500000000001,89.16666666666667,0.0,1014.9458333333333,1014.8458333333333,28.375,9.237499999999999
2023-12-22,12.529166666666667,90.83333333333333,0.0,1015.7416666666667,1015.6416666666668,9.333333333333334,13.616666666666667
2023-12-23,10.308333333333334,85.20833333333333,0.0,1018.3375,1018.2375000000001,21.541666666666668,6.425
2023-12-24,9.795833333333333,91.25,0.0,1023.0708333333333,1022.9708333333333,49.208333333333336,5.8999999999999995
2023-12-25,9.924999999999999,90.0,0.0,1023.7708333333334,1023.6708333333332,49.166666666666664,6.804166666666667
2023-12-26,10.333333333333334,92.33333333333333,0.004166666666666667,1020.8625000000001,1020.7624999999999,56.0,6.454166666666667
2023-12-27,13.487499999999999,84.91666666666667,0.1875,1018.2583333333333,1018.1583333333333,84.75,21.283333333333335
2023-12-28,14.65,92.79166666666667,0.0625,1020.1333333333333,1020.0333333333333,96.04166666666667,8.154166666666667
2023-12-29,14.779166666666667,90.91666666666667,0.8708333333333335,1015.0333333333333,1014.9333333333334,93.83333333333333,17.8875
2023-12-30,12.299999999999999,89.20833333333333,0.44583333333333336,1018.4166666666666,1018.3166666666666,46.541666666666664,10.512500000000001
2023-12-31,10.775,92.41666666666667,0.041666666666666664,1019.3249999999999,1019.225,79.91666666666667,5.445833333333333
2024-01-01,10.549999999999999,91.91666666666667,0.0,1021.5166666666668,1021.4166666666666,18.0,6.8999999999999995
2024-01-02,11.570833333333333,85.5,0.33749999999999997,1020.7875,1020.6875,79.125,15.854166666666666
2024-01-03,10.729166666666666,82.29166666666667,0.1875,1020.875,1020.775,37.125,16.466666666666665
2024-01-04,11.195833333333333,82.29166666666667,0.0,1025.6583333333333,1025.5583333333334,22.041666666666668,13.508333333333333
2024-01-05,11.895833333333334,89.16666666666667,0.07916666666666666,1025.6416666666667,1025.5416666666667,36.458333333333336,9.370833333333334
2024-01-06,10.3125,81.625,0.14583333333333334,1020.1791666666667,1020.0791666666668,57.458333333333336,18.608333333333334
2024-01-07,8.325000000000001,68.375,0.0,1020.4291666666667,1020.3291666666668,0.75,12.7125
2024-01-08,8.854166666666666,76.75,0.0,1026.4416666666666,1026.3416666666667,50.458333333333336,6.083333333333333
2024-01-09,10.866666666666667,82.0,0.15416666666666667,1025.6125,1025.5125,54.125,18.045833333333334
2024-01-10,10.566666666666666,78.79166666666667,0.2041666666666667,1018.5458333333332,1018.4458333333333,63.541666666666664,25.84583333333333
2024-01-11,8.9125,65.25,0.0,1020.9958333333334,1020.8958333333334,8.25,16.945833333333333
2024-01-12,9.566666666666666,75.45833333333333,0.0,1024.6166666666666,1024.5166666666667,60.791666666666664,8.4375
2024-01-13,10.9375,88.79166666666667,0.4791666666666667,1020.2208333333333,1020.1208333333334,92.5,17.474999999999998
2024-01-14,12.279166666666667,90.95833333333333,0.04583333333333334,1018.9166666666666,1018.8166666666666,54.833333333333336,11.941666666666668
2024-01-15,10.083333333333334,89.625,0.0,1020.5166666666668,1020.4166666666666,33.375,8.2125
2024-01-16,10.841666666666667,93.75,0.375,1018.6291666666666,1018.5291666666667,94.79166666666667,9.533333333333333
2024-01-17,11.954166666666666,91.16666666666667,0.008333333333333333,1018.0749999999999,1017.975,42.0,8.225
2024-01-18,11.262500000000001,87.54166666666667,0.0,1018.4625,1018.3625000000001,60.291666666666664,6.854166666666667
2024-01-19,11.362499999999999,90.625,0.25416666666666665,1012.7333333333332,1012.6333333333333,88.75,8.9
2024-01-20,13.174999999999999,90.70833333333333,0.24583333333333335,1008.4083333333333,1008.3083333333334,97.08333333333333,20.804166666666667
2024-01-21,13.545833333333334,88.25,0.32083333333333336,1007.6958333333333,1007.5958333333333,89.70833333333333,21.962500000000002
2024-01-22,13.299999999999999,92.58333333333333,0.6958333333333333,1007.4,1007.3000000000001,74.5,17.416666666666668
2024-01-23,12.654166666666667,92.66666666666667,0.016666666666666666,1016.3625000000001,1016.2624999999999,89.5,12.424999999999999
2024-01-24,12.950000000000001,91.58333333333333,0.3666666666666667,1018.4,1018.3000000000001,98.5,15.887500000000001
2024-01-25,12.329166666666666,89.54166666666667,0.008333333333333333,1022.6666666666666,1022.5666666666666,42.0,8.966666666666667
2024-01-26,12.529166666666667,83.625,0.0,1025.3083333333334,1025.2083333333333,65.58333333333333,6.625
2024-01-27,13.141666666666666,86.91666666666667,0.0,1024.8,1024.7,44.916666666666664,11.558333333333332
2024-01-28,14.4625,80.45833333333333,0.0,1021.1875,1021.0875,22.833333333333332,11.424999999999999
2024-01-29,13.979166666666666,84.20833333333333,0.0,1019.3000000000001,1019.1999999999999,24.458333333333332,6.666666666666667
2024-01-30,13.508333333333333,81.83333333333333,0.0,1016.4666666666667,1016.3666666666667,48.708333333333336,11.316666666666665
2024-01-31,13.841666666666667,84.625,1.3541666666666667,1006.9166666666666,1006.8166666666666,92.41666666666667,27.554166666666664
2024-02-01,11.612499999999999,87.875,0.44999999999999996,1005.025,1004.9250000000001,71.45833333333333,12.454166666666666
2024-02-02,10.433333333333334,79.91666666666667,0.17916666666666667,1012.6083333333332,1012.5083333333333,53.791666666666664,11.775
2024-02-03,9.758333333333333,83.375,0.3541666666666667,1014.8333333333334,1014.7333333333332,93.41666666666667,10.729166666666666
2024-02-04,12.254166666666668,84.20833333333333,1.4041666666666668,998.6750000000001,998.5749999999999,100.0,36.954166666666666
2024-02-05,11.5,82.125,0.13749999999999998,1006.9291666666667,1006.8291666666668,45.75,18.320833333333333
2024-02-06,10.104166666666666,86.5,0.012500000000000002,1006.5666666666666,1006.4666666666667,42.875,9.391666666666667
2024-02-07,10.191666666666666,74.5,0.29583333333333334,1008.7624999999999,1008.6625,51.0,26.0
2024-02-08,8.604166666666666,76.625,0.029166666666666664,1015.8874999999999,1015.7875,13.5,10.625
2024-02-09,8.641666666666667,85.0,0.0,1020.5208333333334,1020.4208333333332,47.083333333333336,8.895833333333334
2024-02-10,10.233333333333333,81.5,0.0,1020.75,1020.65,2.75,11.025
2024-02-11,10.779166666666667,90.45833333333333,0.0,1023.2041666666668,1023.1041666666666,26.291666666666668,7.05
2024-02-12,10.391666666666667,90.125,0.0,1021.1208333333334,1021.0208333333334,50.75,7.0249999999999995
2024-02-13,10.875,89.16666666666667,0.04583333333333334,1017.5875,1017.4875000000001,68.95833333333333,7.141666666666667
2024-02-14,11.6625,88.875,0.39166666666666666,1018.1125000000001,1018.0124999999999,95.5,15.950000000000001
2024-02-15,11.954166666666666,88.0,0.04583333333333334,1022.4250000000001,1022.3249999999999,55.458333333333336,7.783333333333334
2024-02-16,12.220833333333333,86.41666666666667,0.0,1020.1833333333334,1020.0833333333334,61.708333333333336,6.904166666666666
2024-02-17,12.829166666666666,84.95833333333333,0.48333333333333334,1014.2541666666666,1014.1541666666667,93.875,19.1125
2024-02-18,13.5,88.58333333333333,0.4791666666666667,1011.3000000000001,1011.1999999999999,67.625,17.345833333333335
2024-02-19,13.125,86.125,0.22916666666666666,1009.5124999999999,1009.4125,77.29166666666667,30.974999999999998
2024-02-20,12.033333333333333,87.125,0.28750000000000003,1017.0500000000001,1016.9499999999999,85.95833333333333,14.112499999999999
2024-02-21,11.129166666666668,88.0,0.06666666666666667,1021.2458333333334,1021.1458333333334,33.416666666666664,8.975
2024-02-22,11.112499999999999,87.125,0.0,1024.3,1024.2,43.958333333333336,5.1875
2024-02-23,12.258333333333333,80.20833333333333,0.0,1020.6125000000001,1020.5124999999999,51.208333333333336,10.358333333333333
2024-02-24,14.045833333333334,76.125,0.0,1017.2583333333333,1017.1583333333333,19.75,7.845833333333334
2024-02-25,12.333333333333334,84.29166666666667,0.0,1017.6083333333332,1017.5083333333333,10.333333333333334,11.0875
2024-02-26,12.204166666666666,84.70833333333333,0.004166666666666667,1016.6999999999999,1016.6,53.625,11.375
2024-02-27,10.549999999999999,74.79166666666667,0.0,1018.1916666666666,1018.0916666666667,6.875,11.429166666666667
2024-02-28,11.025,87.875,0.0,1017.9541666666668,1017.8541666666666,29.583333333333332,6.7375
2024-02-29,12.233333333333334,86.25,0.4708333333333334,1016.3291666666668,1016.2291666666666,93.29166666666667,23.275000000000002
2024-03-01,11.2125,81.125,0.35000000000000003,1012.8041666666667,1012.7041666666668,85.58333333333333,29.53333333333333
2024-03-02,9.558333333333334,71.5,0.3333333333333333,1010.1333333333333,1010.0333333333333,64.91666666666667,32.795833333333334
2024-03-03,9.941666666666666,70.79166666666667,0.0375,1015.9541666666668,1015.8541666666666,45.125,18.895833333333332
2024-03-04,10.358333333333333,76.875,0.02916666666666667,1020.2291666666666,1020.1291666666666,77.70833333333333,9.804166666666667
2024-03-05,12.387500000000001,82.70833333333333,0.04583333333333334,1016.8125,1016.7125,83.83333333333333,18.020833333333332
2024-03-06,11.754166666666668,89.70833333333333,0.5833333333333334,1012.5,1012.4,77.125,9.525
2024-03-07,10.9,81.79166666666667,0.0,1015.975,1015.875,6.791666666666667,16.604166666666668
2024-03-08,11.304166666666667,80.91666666666667,0.0,1021.3874999999999,1021.2875,4.666666666666667,8.395833333333334
2024-03-09,11.5625,84.29166666666667,0.0,1021.3666666666667,1021.2666666666668,64.625,12.391666666666666
2024-03-10,11.791666666666666,79.08333333333333,0.025000000000000005,1018.9666666666667,1018.8666666666667,60.333333333333336,13.883333333333333
2024-03-11,11.700000000000001,77.95833333333333,0.09583333333333334,1018.8625000000001,1018.7624999999999,59.25,12.1
2024-03-12,12.345833333333333,82.125,0.15833333333333335,1021.0416666666666,1020.9416666666666,65.75,21.683333333333334
2024-03-13,11.570833333333333,75.20833333333333,0.0,1021.8874999999999,1021.7875,14.833333333333334,16.474999999999998
2024-03-14,14.0875,44.041666666666664,0.0,1016.4458333333333,1016.3458333333333,0.4166666666666667,24.2
2024-03-15,15.766666666666666,43.958333333333336,0.0,1010.8041666666667,1010.7041666666668,0.0,19.820833333333333
2024-03-16,13.295833333333334,71.875,0.0,1015.875,1015.775,0.5,11.595833333333333
2024-03-17,12.475,86.66666666666667,0.0,1019.1708333333332,1019.0708333333333,9.416666666666666,12.295833333333334
2024-03-18,12.579166666666666,88.95833333333333,0.0,1019.4041666666667,1019.3041666666667,23.291666666666668,9.808333333333334
2024-03-19,12.295833333333334,88.04166666666667,0.0,1018.9916666666667,1018.8916666666668,35.041666666666664,12.895833333333334
2024-03-20,12.316666666666668,84.54166666666667,0.0,1018.8125,1018.7125,14.458333333333334,11.558333333333332
2024-03-21,13.125,84.20833333333333,0.0,1019.9375,1019.8375,44.125,8.762500000000001
2024-03-22,13.362499999999999,84.58333333333333,0.5041666666666667,1015.8833333333333,1015.7833333333333,65.0,18.308333333333334
2024-03-23,11.208333333333334,80.75,0.3958333333333333,1011.4541666666668,1011.3541666666666,64.41666666666667,17.920833333333334
2024-03-24,11.445833333333333,80.95833333333333,0.17916666666666667,1011.6916666666666,1011.5916666666667,44.083333333333336,27.420833333333334
2024-03-25,11.808333333333332,78.875,0.008333333333333333,1016.0708333333333,1015.9708333333333,53.416666666666664,24.958333333333332
2024-03-26,11.8125,81.75,0.0,1019.5625,1019.4625,28.458333333333332,19.2125
2024-03-27,11.933333333333332,86.33333333333333,0.1708333333333333,1020.0666666666666,1019.9666666666667,91.0,17.045833333333334
2024-03-28,12.008333333333333,75.83333333333333,0.024999999999999998,1018.3291666666668,1018.2291666666666,49.125,14.387500000000001
2024-03-29,10.0875,85.375,0.8250000000000001,1006.9625,1006.8625000000001,86.75,18.354166666666668
2024-03-30,11.704166666666666,76.66666666666667,0.1416666666666667,1003.225,1003.125,50.625,13.804166666666667
2024-03-31,11.866666666666667,83.58333333333333,0.004166666666666667,1008.4416666666666,1008.3416666666667,18.708333333333332,9.779166666666667
2024-04-01,12.795833333333334,78.08333333333333,0.0,1016.6583333333333,1016.5583333333334,6.166666666666667,7.8125
2024-04-02,12.695833333333333,88.25,0.0,1024.4458333333334,1024.3458333333333,15.833333333333334,10.4
2024-04-03,12.0,82.95833333333333,0.0,1021.4708333333333,1021.3708333333334,85.75,20.479166666666668
2024-04-04,8.829166666666667,71.08333333333333,0.4458333333333333,1009.8041666666667,1009.7041666666668,72.83333333333333,18.95
2024-04-05,9.049999999999999,71.41666666666667,0.0625,1012.9791666666666,1012.8791666666666,24.0,21.3125
2024-04-06,10.504166666666666,70.04166666666667,0.004166666666666667,1024.9750000000001,1024.875,27.625,15.008333333333333
2024-04-07,11.029166666666667,77.29166666666667,0.05416666666666667,1022.75,1022.65,12.0,15.808333333333332
2024-04-08,12.0375,80.45833333333333,0.0,1019.7041666666668,1019.6041666666666,0.3333333333333333,13.924999999999999
2024-04-09,12.683333333333332,88.04166666666667,0.0,1020.8166666666666,1020.7166666666667,4.5,10.9375
2024-04-10,13.5625,86.58333333333333,0.0,1019.0625,1018.9625,27.333333333333332,11.491666666666667
2024-04-11,13.216666666666667,84.41666666666667,0.0,1013.5166666666668,1013.4166666666666,0.5,14.225000000000001
2024-04-12,12.15,80.29166666666667,0.008333333333333333,1008.5291666666667,1008.4291666666667,55.125,22.083333333333332
2024-04-13,10.708333333333334,78.04166666666667,0.6458333333333334,1011.6708333333332,1011.5708333333333,82.875,21.479166666666668
2024-04-14,10.454166666666667,81.75,0.19583333333333333,1018.3791666666666,1018.2791666666667,75.04166666666667,16.591666666666665
2024-04-15,11.841666666666667,87.16666666666667,0.020833333333333332,1022.0333333333333,1021.9333333333334,37.833333333333336,8.387500000000001
2024-04-16,12.795833333333334,87.58333333333333,0.0,1020.1416666666668,1020.0416666666666,19.416666666666668,10.054166666666665
2024-04-17,13.916666666666666,84.875,0.0,1016.7208333333333,1016.6208333333334,20.416666666666668,10.525
2024-04-18,13.708333333333334,85.16666666666667,0.0,1014.1083333333332,1014.0083333333333,41.041666666666664,11.125
2024-04-19,12.291666666666666,87.75,0.0,1014.9625,1014.8625000000001,44.416666666666664,13.7125
2024-04-20,13.045833333333334,75.54166666666667,0.0,1018.1041666666666,1018.0041666666666,15.416666666666666,17.537499999999998
2024-04-21,14.291666666666666,83.41666666666667,0.0,1016.6083333333332,1016.5083333333333,9.166666666666666,12.391666666666666
2024-04-22,14.120833333333332,82.66666666666667,0.0,1010.5458333333332,1010.4458333333333,23.708333333333332,17.170833333333334
2024-04-23,13.695833333333333,75.125,0.0,1014.5041666666666,1014.4041666666667,55.125,20.974999999999998
2024-04-24,13.783333333333333,76.66666666666667,0.020833333333333332,1018.0708333333333,1017.9708333333333,78.375,13.329166666666666
2024-04-25,12.862499999999999,82.20833333333333,0.0,1019.0083333333333,1018.9083333333333,67.66666666666667,23.425
2024-04-26,13.195833333333333,83.08333333333333,0.004166666666666667,1017.0166666666668,1016.9166666666666,36.291666666666664,31.61666666666667
2024-04-27,12.487499999999999,78.75,0.0,1018.9708333333333,1018.8708333333334,7.833333333333333,23.266666666666666
2024-04-28,13.433333333333332,75.5,0.0,1020.0041666666666,1019.9041666666667,0.5416666666666666,27.829166666666666
2024-04-29,12.754166666666668,71.75,0.0,1018.7875,1018.6875,0.0,28.204166666666666
2024-04-30,12.104166666666666,70.70833333333333,0.0,1016.8541666666666,1016.7541666666666,0.0,22.724999999999998
2024-05-01,13.375,67.58333333333333,0.0,1015.8916666666668,1015.7916666666666,0.2916666666666667,16.466666666666665
2024-05-02,13.391666666666666,74.70833333333333,0.0,1015.7125,1015.6125000000001,3.6666666666666665,23.7625
2024-05-03,13.033333333333333,79.45833333333333,0.0,1013.5458333333332,1013.4458333333333,23.75,20.395833333333332
2024-05-04,11.237499999999999,86.66666666666667,0.9083333333333333,1010.6625,1010.5625,66.91666666666667,21.8625
2024-05-05,10.445833333333333,74.91666666666667,0.0,1017.7291666666666,1017.6291666666666,6.083333333333333,22.741666666666664
2024-05-06,11.704166666666666,81.41666666666667,0.0,1020.9833333333332,1020.8833333333333,25.958333333333332,15.2875
2024-05-07,12.174999999999999,80.5,0.0,1018.2791666666667,1018.1791666666667,3.75,17.720833333333335
2024-05-08,15.995833333333332,59.875,0.0,1013.6333333333333,1013.5333333333333,0.0,13.954166666666666
2024-05-09,18.60833333333333,45.541666666666664,0.0,1012.5875,1012.4875000000001,2.625,15.6
2024-05-10,17.266666666666666,57.125,0.0,1014.0083333333333,1013.9083333333333,3.125,10.116666666666665
2024-05-11,15.975,71.20833333333333,0.0,1013.4291666666667,1013.3291666666668,16.625,13.804166666666667
2024-05-12,14.104166666666666,83.70833333333333,0.0,1014.2041666666668,1014.1041666666666,36.833333333333336,16.979166666666668
2024-05-13,13.266666666666666,83.875,0.0,1014.4375,1014.3375,61.958333333333336,17.7625
2024-05-14,12.987499999999999,87.25,0.0,1012.9,1012.8000000000001,83.25,17.204166666666666
2024-05-15,13.48235294117647,84.94117647058823,0.0,1012.5588235294117,1012.4588235294117,74.05882352941177,16.976470588235294
