  ,Reg #,AC #,Delivery Yr,SEAT MAP,Configuration
20S,A320,Over,water,,Non have ETOPS
320,N413UA ,4713,1994 ,SL/NewF,12F/42E+/96Y
320,N414UA ,4214,1994 ,SL/NewF,12F/42E+/96Y
320,N415UA ,4615,1994 ,SL/NewF,12F/42E+/96Y
320,N416UA ,4616,1994 ,SL/NewF,12F/42E+/96Y
320,N417UA ,4617,1994 ,SL/NewF,12F/42E+/96Y
320,N418UA ,4618,1994 ,SL/NewF,12F/42E+/96Y
320,N419UA ,4619,1994 ,SL/NewF,12F/42E=/96Y
320,N420UA ,4620,1994 ,SL/NewF,12F/42E+/96Y
320,N421UA ,4621,1994 ,SL/NewF,12F/42E+/96Y
320,N422UA ,4622,1995 ,SL/NewF,12F/42E+/96Y
320,N423UA ,4623,1995 ,SL/NewF,12F/42E+/96Y
320,N424UA ,4624,1995 ,SL/NewF,12F/42E+/96Y
320,N425UA ,4625,1995 ,SL/NewF,12F/42E+/96Y
320,N426UA ,4626,1995 ,SL/NewF,12F/42E+/96Y
320,N427UA ,4627,1995 ,SL/NewF,12F/42E+/96Y
320,N428UA ,4628,1995 ,SL/NewF,12F/42E+/96Y
320,N429UA ,4629,1995 ,SL/NewF,12F/42E+/96Y
320,N430UA ,4630,1996 ,SL/NewF,12F/42E+/96Y
320,N431UA ,4631,1996 ,SL/NewF,12F/42E+/96Y
320,N432UA ,4632,1996 ,SL/NewF,12F/42E+/96Y
320,N433UA ,4633,1996 ,SL/NewF,12F/42E+/96Y
320,N434UA ,4634,1996 ,SL/NewF,12F/42E+/96Y
320,N435UA ,4635,1996 ,SL/NewF,12F/42E+/96Y
320,N436UA ,4636,1996 ,SL/NewF,12F/42E+/96Y
320,N437UA ,4637,1997 ,SL/NewF,12F/42E+/96Y
320,N438UA ,4238,1997 ,NEXT,12F/42E+/96Y
320,N439UA ,4239,1997 ,SL/NewF,12F/42E+/96Y
320,N440UA ,4240,1997 ,SL/NewF,12F/42E+/96Y
320,N441UA ,4241,1997 ,SL/NewF,12F/42E+/96Y
320,N442UA ,4242,1998 ,SL/NewF,12F/42E+/96Y
320,N443UA ,4643,1998 ,SL/NewF,12F/42E+/96Y
320,N444UA ,4244,1998 ,SL/NewF,12F/42E+/96Y
320,N445UA ,4245,1998 ,SL/NewF,12F/42E+/96Y
320,N446UA ,4246,1998 ,SL/NewF,12F/42E+/96Y
320,N447UA ,4247,1998 ,SL/NewF,12F/42E+/96Y
320,N448UA ,4248,1998 ,SL/NewF,12F/42E+/96Y
320,N449UA ,4249,1998 ,SL/NewF,12F/42E+/96Y
320,N451UA ,4251,1998 ,SL/NewF,12F/42E+/96Y
320,N452UA ,4252,1999 ,SL/NewF,12F/42E+/96Y
320,N453UA ,4253,1999 ,NEXT,12F/42E+/96Y
320,N454UA ,4654,1999 ,SL/NewF,12F/42E+/96Y
320,N455UA ,4655,1999 ,SL/NewF,12F/42E+/96Y
320,N456UA ,4656,1999 ,SL/NewF,12F/42E+/96Y
320,N457UA ,4257,2000 ,SL/NewF,12F/42E+/96Y
320,N458UA ,4258,2000 ,SL/NewF,12F/42E+/96Y
320,N459UA ,4259,2000 ,SL/NewF,12F/42E+/96Y
320,N460UA ,4260,2000 ,SL/NewF,12F/42E+/96Y
320,N461UA ,4661,2000 ,SL/NewF,12F/42E+/96Y
320,N462UA ,4662,2000 ,SL/NewF,12F/42E+/96Y
320,N463UA ,4663,2000 ,SL/NewF,12F/42E+/96Y
320,N464UA ,4664,2000 ,SL/NewF,12F/42E+/96Y
320,N465UA ,4265,2000 ,SL/NewF,12F/42E+/96Y
320,N466UA ,4666,2000 ,SL/NewF,12F/42E+/96Y
320,N467UA ,4267,2000 ,SL/NewF,12F/42E+/96Y
320,N468UA ,4668,2000 ,SL/NewF,12F/42E+/96Y
320,N469UA ,4269,2001 ,SL/NewF,12F/42E+/96Y
320,N470UA ,4270,2001 ,NEXT,12F/42E+/96Y
320,N471UA ,4171,2001 ,SL/NewF,12F/42E+/96Y
320,N472UA ,4172,2001 ,SL/NewF,12F/42E+/96Y
320,N473UA ,4173,2001 ,SL/NewF,12F/42E+/96Y
320,N474UA ,4274,2001 ,NEXT,12F/42E+/96Y
320,N475UA ,4275,2001 ,SL/NewF,12F/42E+/96Y
320,N476UA ,4276,2001 ,NEXT,12F/42E+/96Y
320,N477UA ,4277,2001 ,SL/NewF,12F/42E+/96Y
320,N478UA ,4278,2001 ,NEXT,12F/42E+/96Y
320,N479UA ,4279,2001 ,SL/NewF,12F/42E+/96Y
320,N480UA ,4280,2001 ,NEXT,12F/42E+/96Y
320,N481UA ,4281,2001 ,SL/NewF,12F/42E+/96Y
320,N482UA ,4282,2001 ,NEXT,12F/42E+/96Y
320,N483UA ,4283,2001 ,SL/NewF,12F/42E+/96Y
320,N484UA ,4284,2001 ,SL/NewF,12F/42E+/96Y
320,N485UA ,4285,2001 ,SL/NewF,12F/42E+/96Y
320,N486UA ,4286,2001 ,SL/NewF,12F/42E+/96Y
320,N487UA ,4287,2002 ,SL/NewF,12F/42E+/96Y
320,N488UA ,4288,2002 ,SL/NewF,12F/42E+/96Y
320,N489UA ,4289,2002 ,SL/NewF,12F/42E+/96Y
320,N490UA ,4290,2002 ,SL/NewF,12F/42E+/96Y
320,N491UA ,4291,2002 ,SL/NewF,12F/42E+/96Y
320,N492UA ,4292,2002 ,SL/NewF,12F/42E+/96Y
320,N493UA ,4293,2002 ,SL/NewF,12F/42E+/96Y
320,N494UA ,4294,2002 ,SL/NewF,12F/42E+/96Y
320,N495UA ,4295,2002 ,SL/NewF,12F/42E+/96Y
320,N496UA ,4296,2002 ,SL/NewF,12F/42E+/96Y
320,N497UA ,4297,2002 ,SL/NewF,12F/42E+/96Y
320,N498UA ,4298,2002 ,SL/NewF,12F/42E+/96Y
20C,,,Orig Dlvry,UA dlvry 2017,Aft Lav/Galley config different
320,N4901U ,4901,2006,SL/NewF,12F/42E+/96Y
320,N1902U ,4902,2006,SL/NewF,12F/42E+/96Y
,,,,,
73G,Former,GUM, ,737-700,Domestic 
73G,N16701 ,3701,1998,SL/NewF,12F/36E+/78Y
73G,N24702 ,3702,1998,SL/NewF,12F/36E+/78Y
73G,N16703 ,3703,1998,SL/NewF,12F/36E+/78Y
73G,N14704 ,3704,1998,SL/NewF,12F/36E+/78Y
73G,N25705 ,3705,1998,SL/NewF,12F/36E+/78Y
73G,N24706 ,3706,1998,SL/NewF,12F/36E+/78Y
73G,N23707 ,3707,1998,SL/NewF,12F/36E+/78Y
73G,N23708 ,3708,1998,SL/NewF,12F/36E+/78Y
73G,N16709 ,3709,1998,SL/NewF,12F/36E+/78Y
73G,N15710 ,3710,1999,SL/NewF,12F/36E+/78Y
73G,N54711 ,3711,1998,SL/NewF,12F/36E+/78Y
73G,N15712 ,3712,1998,SL/NewF,12F/36E+/78Y
73G,N33714 ,3714,1998,SL/NewF,12F/36E+/78Y
73G,N24715 ,3715,1998,SL/NewF,12F/36E+/78Y
73G,N13716 ,3716,1998,SL/NewF,12F/36E+/78Y
73G,N13718 ,3718,1999,SL/NewF,12F/36E+/78Y
73G,N17719 ,3719,1999,SL/NewF,12F/36E+/78Y
73G,N23721 ,3721,1999,SL/NewF,12F/36E+/78Y
73G,N27722 ,3722,1999,SL/NewF,12F/36E+/78Y
73G,N21723 ,3723,1999,SL/NewF,12F/36E+/78Y
73G,N27724 ,3724,1999,SL/NewF,12F/36E+/78Y
73G,N38727 ,3727,1998,SL/NewF,12F/36E+/78Y
73G,N39728 ,3728,1999,SL/NewF,12F/36E+/78Y
73G,N24729 ,3729,1999,SL/NewF,12F/36E+/78Y
73G,N17730 ,3730,1999,SL/NewF,12F/36E+/78Y
73G,N14731 ,3731,1999,SL/NewF,12F/36E+/78Y
73G,N16732 ,3732,1999,SL/NewF,12F/36E+/78Y
73G,N27733 ,3733,1999,SL/NewF,12F/36E+/78Y
73G,N13750 ,3750,1999,SL/NewF,12F/36E+/78Y
37R,,, ,Now,Domestic 
73G,N16713 ,3713,1998,SL/NewF,12F/36E+/78Y
73G,N29717 ,3717,1999,SL/NewF,12F/36E+/78Y
73G,N13720 ,3720,1999,SL/NewF,12F/36E+/78Y
73G,N39726 ,3726,1999,SL/NewF,12F/36E+/78Y
73G,N27734 ,3734,1999,SL/NewF,12F/36E+/78Y
73G,N14735 ,3735,1999,SL/NewF,12F/36E+/78Y
73G,N24736 ,3736,1999,SL/NewF,12F/36E+/78Y
37R,,,Dlvry, ,UA dlvry '15
73G,N15751 ,3751,1999,SL/NewF,12F/36E+/78Y
73G,N17752 ,3752,1999,SL/NewF,12F/36E+/78Y
73G,N17753 ,3753,2002,SL/NewF,12F/36E+/78Y
73G,N12754 ,3754,2002,SL/NewF,12F/36E+/78Y
,,,,,
73U,,, ,GUM Units,All aircraft ETOPS
738,N35260 ,3260,2001,GUM Slimline,16F/42E+/108Y
738,N77261 ,3261,2001,GUM Slimline,16F/42E+/108Y
738,N73270 ,3270,2001,GUM Slimline,16F/42E+/108Y
738,N73278 ,3278,2003,GUM Slimline,16F/42E+/108Y
738,N79279 ,3279,2003,GUM Slimline,16F/42E+/108Y
738,N36280 ,3280,2003,GUM Slimline,16F/42E+/108Y
738,N37281 ,3281,2003,GUM Slimline,16F/42E+/108Y
738,N34282 ,3282,2004,GUM Slimline,16F/42E+/108Y
738,N37293,3293,2005,GUM Slimline,16F/42E+/108Y
738,N33294 ,3294,2005,GUM Slimline,16F/42E+/108Y
738,N77296 ,3296,2005,GUM Slimline,16F/42E+/108Y
738,N39297 ,3297,2005,GUM Slimline,16F/42E+/108Y
73Y,Former,GUM, ,Domestic,
738,N25201 ,3201,1998,Slimline,16F/54E+/96Y
738,N26232 ,3232,1998,Slimline,16F/54E+/96Y
738,N14235 ,3235,1999,Slimline,16F/54E+/96Y
738,N35236 ,3236,1999,Slimline,16F/54E+/96Y
738,N14240 ,3240,1999,Slimline,16F/54E+/96Y
738,N27246 ,3246,1999,Slimline,16F/54E+/96Y
738,N14249 ,3249,1999,Slimline,16F/54E+/96Y
738,N77295 ,3295,2005,Slimline,16F/54E+/96Y
738,N37298 ,3298,2005,Slimline,16F/54E+/96Y
738,N73299 ,3299,2005,Slimline,16F/54E+/96Y
73Y,,, ,Domestic,
738,N24202 ,3202,2000,Slimline,16F/54E+/96Y
738,N33203 ,3203,2000,Slimline,16F/54E+/96Y
738,N35204 ,3204,2000,Slimline,16F/54E+/96Y
738,N27205 ,3205,2000,Slimline,16F/54E+/96Y
738,N11206 ,3206,2000,Slimline,16F/54E+/96Y
738,N36207 ,3207,2000,Slimline,16F/54E+/96Y
738,N26208 ,3208,2000,Slimline,16F/54E+/96Y
738,N33209 ,3209,1998,Slimline,16F/54E+/96Y
738,N26210 ,3210,1998,Slimline,16F/54E+/96Y
738,N24211 ,3211,1998,NEXT,16F/54E+/96Y
738,N24212 ,3212,1998,NEXT,16F/54E+/96Y
738,N27213 ,3213,1998,Slimline,16F/54E+/96Y
738,N14214 ,3214,1998,NEXT,16F/54E+/96Y
738,N26215 ,3215,1998,Slimline,16F/54E+/96Y
738,N12216 ,3216,1998,NEXT,16F/54E+/96Y
738,N16217 ,3217,1998,NEXT,16F/54E+/96Y
738,N12218 ,3218,1998,Slimline,16F/54E+/96Y
738,N14219 ,3219,1998,NEXT,16F/54E+/96Y
738,N18220 ,3220,1998,Slimline,16F/54E+/96Y
738,N12221 ,3221,1998,Slimline,16F/54E+/96Y
738,N34222 ,3222,1998,Slimline,16F/54E+/96Y
738,N18223,3223,1998,Slimline,16F/54E+/96Y
738,N24224 ,3224,1998,Slimline,16F/54E+/96Y
738,N12225 ,3225,1998,Slimline,16F/54E+/96Y
738,N26226 ,3226,1998,Slimline,16F/54E+/96Y
738,N13227 ,3227,1998,NEXT,16F/54E+/96Y
738,N14228 ,3228,1998,Slimline,16F/54E+/96Y
738,N17229 ,3229,1999,Slimline,16F/54E+/96Y
738,N14230 ,3230,1999,Slimline,16F/54E+/96Y
738,N14231 ,3231,1999,Slimline,16F/54E+/96Y
738,N17233 ,3233,1999,Slimline,16F/54E+/96Y
738,N16234 ,3234,1999,Slimline,16F/54E+/96Y
738,N14237 ,3237,1999,Slimline,16F/54E+/96Y
738,N12238 ,3238,1999,Slimline,16F/54E+/96Y
738,N27239 ,3239,1999,Slimline,16F/54E+/96Y
738,N54241 ,3241,1999,Slimline,16F/54E+/96Y
738,N14242 ,3242,1999,Slimline,16F/54E+/96Y
738,N18243 ,3243,1999,Slimline,16F/54E+/96Y
738,N17244 ,3244,1999,Slimline,16F/54E+/96Y
738,N17245 ,3245,1999,Slimline,16F/54E+/96Y
738,N36247 ,3247,1999,Slimline,16F/54E+/96Y
738,N13248 ,3248,1999,Slimline,16F/54E+/96Y
738,N14250 ,3250,1999,Slimline,16F/54E+/96Y
738,N73251 ,3251,2000,Slimline,16F/54E+/96Y
738,N37252 ,3252,2000,Slimline,16F/54E+/96Y
738,N37253 ,3253,2000,Slimline,16F/54E+/96Y
738,N76254 ,3254,2000,NEXT,16F/54E+/96Y
738,N37255 ,3255,2000,Slimline,16F/54E+/96Y
738,N73256 ,3256,2000,Slimline,16F/54E+/96Y
738,N38257 ,3257,1998,NEXT,16F/54E+/96Y
738,N77258 ,3258,2000,Slimline,16F/54E+/96Y
738,N73259 ,3259,2001,NEXT,16F/54E+/96Y
73Y,Former,GUM,,3260-3277,Former
738,N33262 ,3262,2001,Slimline,16F/54E+/96Y
738,N37263 ,3263,2001,Slimline,16F/54E+/96Y
738,N33264 ,3264,2001,Slimline,16F/54E+/96Y
738,N76265 ,3265,2001,NEXT,16F/54E+/96Y
738,N33266 ,3266,2001,Slimline,16F/54E+/96Y
738,N37267 ,3267,2001,NEXT,16F/54E+/96Y
738,N38268 ,3268,2001,Slimline,16F/54E+/96Y
738,N76269 ,3269,2001,NEXT,16F/54E+/96Y
738,N35271 ,3271,2001,NEXT,16F/54E+/96Y
738,N36272 ,3272,2001,Slimline,16F/54E+/96Y
738,N37273 ,3273,2001,NEXT,16F/54E+/96Y
738,N37274 ,3274,2001,Slimline,16F/54E+/96Y
738,N73275 ,3275,2001,Slimline,16F/54E+/96Y
738,N73276 ,3276,2002,NEXT,16F/54E+/96Y
738,N37277 ,3277,2002,Slimline,16F/54E+/96Y
738,N73283 ,3283,2004,Slimline,16F/54E+/96Y
738,N33284 ,3284,2004,Slimline,16F/54E+/96Y
738,N78285 ,3285,2004,Slimline,16F/54E+/96Y
738,N33286 ,3286,2004,NEXT,16F/54E+/96Y
738,N37287 ,3287,2004,Slimline,16F/54E+/96Y
738,N76288 ,3288,2004,NEXT,16F/54E+/96Y
738,N33289 ,3289,2004,Slimline,16F/54E+/96Y
738,N37290 ,3290,2004,Slimline,16F/54E+/96Y
738,N73291 ,3291,2004,Slimline,16F/54E+/96Y
738,N33292 ,3292,2004,Slimline,16F/54E+/96Y
738,N78501 ,3501,2006,Slimline,16F/54E+/96Y
738,N76502 ,3502,2006,Slimline,16F/54E+/96Y
738,N76503 ,3503,2006,Slimline,16F/54E+/96Y
738,N76504 ,3504,2006,Slimline,16F/54E+/96Y
738,N76505 ,3505,2006,Slimline,16F/54E+/96Y
738,N78506 ,3506,2006,Slimline,16F/54E+/96Y
 73Q,, ,with,SFP,
738,N87507 ,3507,2008,Slimline,16F/54E+/96Y
738,N76508 ,3508,2008,NEXT,16F/54E+/96Y
738,N78509 ,3509,2008,Slimline,16F/54E+/96Y
738,N77510 ,3510,2008,Slimline,16F/54E+/96Y
738,N78511 ,3511,2008,Slimline,16F/54E+/96Y
738,N87512 ,3512,2008,Slimline,16F/54E+/96Y
738,N87513 ,3513,2008,Slimline,16F/54E+/96Y
738,N76514 ,3514,2008,Slimline,16F/54E+/96Y
738,N76515 ,3515,2008,Slimline,16F/54E+/96Y
738,N76516 ,3516,2008,Slimline,16F/54E+/96Y
738,N76517 ,3517,2008,Slimline,16F/54E+/96Y
738,N77518 ,3518,2008,Slimline,16F/54E+/96Y
738,N76519 ,3519,2010,Slimline,16F/48E+/102Y
738,N77520 ,3520,2010,Slimline,16F/48E+/102Y
738,N79521 ,3521,2010,Slimline,16F/48E+/102Y
738,N76522 ,3522,2010,Slimline,16F/48E+/102Y
738,N76523 ,3523,2010,Slimline,16F/48E+/102Y
738,N78524 ,3524,2010,Slimline,16F/48E+/102Y
738,N77525 ,3525,2010,Slimline,16F/48E+/102Y
738,N76526 ,3526,2010,Slimline,16F/48E+/102Y
738,N87527 ,3527,2010,Slimline,16F/48E+/102Y
73Q,,,with,Sky Interior, 
738,N76528 ,3528,2011,Slimline Sky,16F/48E+/102Y
738,N76529 ,3529,2010,Slimline Sky,16F/48E+/102Y
738,N77530 ,3530,2011,Slimline Sky,16F/48E+/102Y
738,N87531 ,3531,2011,Slimline Sky,16F/48E+/102Y
 73Q,,,with,Space Bins,
738,N76532 ,3532,2016,Slimline Sky,16F/48E+/102Y
738,N76533 ,3533,2016,Slimline Sky,16F/48E+/102Y
738,N86534 ,3534,2016,Slimline Sky,16F/48E+/102Y
738,N77535 ,3535,2016,Slimline Sky,16F/48E+/102Y
738,N77536 ,3536,2016,Slimline Sky,16F/48E+/102Y
738,N77537 ,3537,2016,Slimline Sky,16F/48E+/102Y
738,N77538 ,3538,2016,Slimline Sky,16F/48E+/102Y
738,N77539 ,3539,2017,Slimline Sky,16F/48E+/102Y
738,N78540 ,3540,2017,Slimline Sky,16F/48E+/102Y
738,N79541 ,3541,2017,Slimline Sky,16F/48E+/102Y
738,N77542 ,3542,2017,Slimline Sky,16F/48E+/102Y
,,,,,
38M,N27251,7251,2021,NEXT,16F/54E+/96Y
38M,N27252,7252,2021,NEXT,16F/54E+/96Y
38M,N27253,7253,2021,NEXT,16F/54E+/96Y
38M,N17254,7254,2021,NEXT,16F/54E+/96Y
38M,N27255,7255,2021,NEXT,16F/54E+/96Y
38M,N27256,7256,2021,NEXT,16F/54E+/96Y
38M,N37257,7257,2021,NEXT,16F/54E+/96Y
38M,N27258,7258,2021,NEXT,16F/54E+/96Y
38M,N77259,7259,2021,NEXT,16F/54E+/96Y
38M,N27260,7260,2021,NEXT,16F/54E+/96Y
38M,N27261,7261,2021,NEXT,16F/54E+/96Y
38M,N17262,7262,2021,NEXT,16F/54E+/96Y
38M,N27263,7263,2021,NEXT,16F/54E+/96Y
38M,N17264,7264,2021,NEXT,16F/54E+/96Y
38M,N17265,7265,2021,NEXT,16F/54E+/96Y
38M,N27266,7266,2021,NEXT,16F/54E+/96Y
38M,N27267,7267,2022,NEXT,16F/54E+/96Y
38M,N27268,7268,2022,NEXT,16F/54E+/96Y
38M,N27269,7269,2022,NEXT,16F/54E+/96Y
38M,N27270,7270,2022,NEXT,16F/54E+/96Y
38M,N27271,7271,2022,NEXT,16F/54E+/96Y
38M,N17272,7272,2022,NEXT,16F/54E+/96Y
38M,N27273,7273,2022,NEXT,16F/54E+/96Y
38M,N27274,7274,2022,NEXT,16F/54E+/96Y
38M,N47275,7275,2022,NEXT,16F/54E+/96Y
38M,N27276,7276,2022,NEXT,16F/54E+/96Y
38M,N27277,7277,2022,NEXT,16F/54E+/96Y
38M,N37278,7278,2022,NEXT,16F/54E+/96Y
38M,N17279,7279,2022,NEXT,16F/54E+/96Y
38M,N47280,7280,2022,NEXT,16F/54E+/96Y
38M,N47281,7281,2022,NEXT,16F/54E+/96Y
38M,N47282,7282,2022,NEXT,16F/54E+/96Y
38M,N27283,7283,2023,NEXT,16F/54E+/96Y
38M,N47284,7284,2022,NEXT,16F/54E+/96Y
38M,N17285,7285,2022,NEXT,16F/54E+/96Y
38M,N57286,7286,2022,NEXT,16F/54E+/96Y
38M,N27287,7287,2022,NEXT,16F/54E+/96Y
38M,N47288,7288,2022,NEXT,16F/54E+/96Y
38M,N17289,7289,2023,NEXT,16F/54E+/96Y
38M,N27290,7290,2023,NEXT,16F/54E+/96Y
38M,N47291,7291,2023,NEXT,16F/54E+/96Y
38M,N27292,7292,2023,NEXT,16F/54E+/96Y
38M,N47293,7293,2023,NEXT,16F/54E+/96Y
38M,N17294,7294,2023,NEXT,16F/54E+/96Y
38M,N37295,7295,2023,NEXT,16F/54E+/96Y
38M,N17296,7296,2023,NEXT,16F/54E+/96Y
38M,N57299,7299,2023,NEXT,16F/54E+/96Y
38M,N17300,7300,2023,NEXT,16F/54E+/96Y
38M,N17301,7301,2023,NEXT,16F/54E+/96Y
38M,N17302,7302,2023,NEXT,16F/54E+/96Y
38M,N17303,7303,2023,NEXT,16F/54E+/96Y
38M,N27304,7304,2023,NEXT,16F/54E+/96Y
38M,N37305,7305,2023,NEXT,16F/54E+/96Y
38M,N17306,7306,2023,NEXT,16F/54E+/96Y
38M,N37307,7307,2023,NEXT,16F/54E+/96Y
38M,N37308,7308,2023,NEXT,16F/54E+/96Y
38M,N17309,7309,2023,NEXT,16F/54E+/96Y
38M,N17310,7310,2023,NEXT,16F/54E+/96Y
38M,N17311,7311,2023,NEXT,16F/54E+/96Y
38M,N17312,7312,2023,NEXT,16F/54E+/96Y
38M,N37313,7313,2023,NEXT,16F/54E+/96Y
38M,N17314,7314,2023,NEXT,16F/54E+/96Y
38M,N17316,7316,2023,NEXT,16F/54E+/96Y
38M,N17317,7317,2023,NEXT,16F/54E+/96Y
38M,N37318,7318,2023,NEXT,16F/54E+/96Y
38M,N37319,7319,2023,NEXT,16F/54E+/96Y
38M,N17320,7320,2023,NEXT,16F/54E+/96Y
38M,N17321,7321,2023,NEXT,16F/54E+/96Y
38M,N17322,7322,2023,NEXT,16F/54E+/96Y
38M,N27323,7323,2023,NEXT,16F/54E+/96Y
38M,N37324,7324,2023,NEXT,16F/54E+/96Y
38M,N37325,7325,2023,NEXT,16F/54E+/96Y
38M,N17326,7326,2023,NEXT,16F/54E+/96Y
38M,N17327,7327,2023,NEXT,16F/54E+/96Y
38M,N17328,7328,2023,NEXT,16F/54E+/96Y
38M,N17329,7329,2023,NEXT,16F/54E+/96Y
38M,N47330,7330,2023,NEXT,16F/54E+/96Y
38M,N17331,7331,2024,NEXT,16F/54E+/96Y
38M,N47332,7332,2024,NEXT,16F/54E+/96Y
38M,N17333,7333,2023,NEXT,16F/54E+/96Y
38M,N27334,7334,2023,NEXT,16F/54E+/96Y
38M,N17336,7336,2024,NEXT,16F/54E+/96Y
38M,N17337,7337,2024,NEXT,16F/54E+/96Y
38M,N17338,7338,2024,NEXT,16F/54E+/96Y
38M,N17339,7339,2024,NEXT,16F/54E+/96Y
38M,N47340,7340,2023,NEXT,16F/54E+/96Y
38M,N37342,7342,2024,NEXT,16F/54E+/96Y
,,,,,
Non ER 73C,739,, ,,ViaSat Ka Band Mainland only
739,N30401 ,3401 ,2001 ,Slimline,20F/42E+/117Y
739,N79402 ,3402 ,2001 ,Slimline,20F/42E+/117Y
739,N38403 ,3403 ,2001 ,Slimline,20F/45E+/114Y
739,N32404 ,3404 ,2001 ,Slimline,20F/45E+/114Y
739,N72405 ,3405 ,2001 ,Slimline,20F/45E+/114Y
739,N73406 ,3406 ,2001 ,Slimline,20F/45E+/114Y
739,N35407 ,3407 ,2001 ,Slimline,20F/45E+/114Y
739,N37408 ,3408 ,2001 ,Slimline,20F/42E+/117Y
739,N37409 ,3409 ,2001 ,Slimline,20F/45E+/114Y
739,N75410 ,3410 ,2001 ,Slimline,20F/45E+/114Y
739,N71411 ,3411 ,2001 ,Slimline,20F/42E+/117Y
739,N31412 ,3412 ,2001 ,Slimline,20F/45E+/114Y
 73L,739ER,,,,
739ER,N37413 ,3413 ,2008 ,Slimline,20F/42E+/117Y
739ER,N47414 ,3414 ,2008 ,Slimline,20F/45E+/114Y
739ER,N39415 ,3415 ,2008 ,Slimline,20F/45E+/114Y
739ER,N39416 ,3416 ,2010 ,Slimline,20F/45E+/114Y
739ER,N38417 ,3417 ,2008 ,Slimline,20F/45E+/114Y
739ER,N39418 ,3418 ,2008 ,Slimline,20F/45E+/114Y
739ER,N37419 ,3419 ,2008 ,Slimline,20F/45E+/114Y
739ER,N37420 ,3420 ,2008 ,Slimline,20F/45E+/114Y
739ER,N27421 ,3421 ,2008 ,Slimline,20F/45E+/114Y
739ER,N37422 ,3422 ,2008 ,Slimline,20F/45E+/114Y
739ER,N39423 ,3423 ,2008 ,Slimline,20F/45E+/114Y
739ER,N38424 ,3424 ,2008 ,Slimline,20F/42E+/117Y
739ER,N75425 ,3425 ,2008 ,Slimline,20F/45E+/114Y
739ER,N75426 ,3426,2008 ,Slimline,20F/45E+/114Y
739ER,N37427 ,3427 ,2008,Slimline,20F/45E+/114Y
739ER,N75428 ,3428 ,2008,Slimline,20F/45E+/114Y
739ER,N75429 ,3429 ,2008,Slimline,20F/45E+/114Y
739ER,N77430 ,3430 ,2009 ,Slimline,20F/45E+/114Y
739ER,N77431 ,3431 ,2009 ,Slimline,20F/45E+/114Y
739ER,N75432 ,3432 ,2009 ,Slimline,20F/45E+/114Y
739ER,N75433 ,3433 ,2009 ,Slimline,20F/45E+/114Y
739ER,N37434 ,3434 ,2009 ,Slimline,20F/45E+/114Y
739ER,N75435 ,3435 ,2009 ,Slimline,20F/45E+/114Y
739ER,N75436 ,3436 ,2009 ,Slimline,20F/45E+/114Y
739ER,N37437,3437,2009 ,Slimline,20F/45E+/114Y
739ER,N78438 ,3438 ,2009 ,Slimline,20F/45E+/114Y
739ER,N57439 ,3439 ,2009 ,Slimline,20F/45E+/114Y
739ER,N45440 ,3440 ,2009 ,Slimline,20F/45E+/114Y
739ER,N53441 ,3441 ,2009 ,Slimline,20F/45E+/114Y
739ER,N53442 ,3442 ,2009 ,Slimline,20F/42E+/117Y
739ER,N38443 ,3443 ,2010 ,Slimline ,20F/45E+/114Y
739ER,N36444 ,3444 ,2010,Slimline ,20F/45E+/114Y
 73L, , , , , 
739ER,N73445 ,3445 ,2011,Slimline Sky,20F/45E+/114Y
739ER,N38446 ,3446 ,2011,Slimline Sky,20F/45E+/114Y
739ER,N36447 ,3447 ,2012 ,NEXT,20F/45E+/114Y
739ER,N78448 ,3448 ,2012 ,Slimline Sky,20F/45E+/114Y
739ER,N81449 ,3449 ,2012 ,NEXT,20F/45E+/114Y
739ER,N39450 ,3450 ,2012 ,NEXT,20F/45E+/114Y
739ER,N38451 ,3451 ,2012,NEXT,20F/45E+/114Y
739ER,N68452 ,3452 ,2012,NEXT,20F/45E+/114Y
739ER,N68453 ,3453 ,2012,NEXT,20F/45E+/114Y
739ER,N38454 ,3454 ,2012,Slimline Sky,20F/39E+/120Y
739ER,N34455 ,3455 ,2012,NEXT,20F/45E+/114Y
739ER,N37456 ,3456 ,2012,Slimline Sky,20F/39E+/120Y
739ER,N28457 ,3457 ,2012,Slimline Sky,20F/39E+/120Y
739ER,N38458 ,3458 ,2012,Slimline Sky,20F/45E+/114Y
739ER,N38459 ,3459 ,2012,Slimline Sky,20F/39E+/120Y
739ER,N34460,3460,2012,Slimline Sky,20F/39E+/120Y
739ER,N39461,3461,2012,Slimline Sky,20F/39E+/120Y
739ER,N37462,3462,2012,Slimline Sky,20F/39E+/120Y
739ER,N39463,3463,2012,NEXT,20F/45E+/114Y
739ER,N37464,3464,2012,Slimline Sky,20F/39E+/120Y
73L, ,, , ,Below w/o
739ER,N37465,3465,2013,Slimline Sky,20F/45E+/114Y
739ER,N37466 ,3466,2013,Slimline Sky,20F/45E+/114Y
739ER,N38467 ,3467,2013,Slimline Sky,20F/45E+/114Y
739ER,N37468 ,3468,2013,Slimline Sky,20F/45E+/114Y
739ER,N36469 ,3469,2013,Slimline Sky,20F/45E+/114Y
739ER,N37470 ,3470,2013,Slimline Sky,20F/45E+/114Y
739ER,N37471 ,3471,2013,Slimline Sky,20F/45E+/114Y
739ER,N36472 ,3472,2013,Slimline Sky,20F/45E+/114Y
739ER,N38473 ,3473,2013,Slimline Sky,20F/45E+/114Y
739ER,N37474 ,3474,2013,Slimline Sky,20F/45E+/114Y
739ER,N39475 ,3475,2013,Slimline Sky,20F/45E+/114Y
739ER,N36476 ,3476,2013,Slimline Sky,20F/45E+/114Y
739ER,N27477 ,3477,2013,Slimline Sky,20F/45E+/114Y
739ER,N28478 ,3478,2013,Slimline Sky,20F/45E+/114Y
739ER,N38479,3479*,2016,Slimline Sky,20F/45E+/114Y
37K, ,,Bins, , 
739ER,N68801 ,3801,2013,Slimline Sky,20F/45E+/114Y
739ER,N68802 ,3802,2013,Slimline Sky,20F/45E+/114Y
739ER,N66803 ,3803,2013,Slimline Sky,20F/45E+/114Y
739ER,N69804 ,3804,2013,Slimline Sky,20F/45E+/114Y
739ER,N68805 ,3805,2013,Slimline Sky,20F/45E+/114Y
739ER,N69806 ,3806,2013,Slimline Sky,20F/45E+/114Y
739ER,N68807 ,3807,2013,Slimline Sky,20F/45E+/114Y
739ER,N66808 ,3808,2013,Slimline Sky,20F/45E+/114Y
739ER,N64809 ,3809,2013,Slimline Sky,20F/45E+/114Y
739ER,N69810 ,3810,2013,Slimline Sky,20F/45E+/114Y
739ER,N68811 ,3811,2014,NEXT,20F/45E+/114Y
739ER,N67812 ,3812,2014,Slimline Sky,20F/45E+/114Y
739ER,N69813 ,3813,2014,Slimline Sky,20F/45E+/114Y
739ER,N66814 ,3814,2014,Slimline Sky,20F/45E+/114Y
739ER,N67815 ,3815,2014,Slimline Sky,20F/45E+/114Y
739ER,N69816 ,3816,2014,Slimline Sky,20F/45E+/114Y
739ER,N68817 ,3817,2014,Slimline Sky,20F/45E+/114Y
739ER,N69818 ,3818,2014,Slimline Sky,20F/45E+/114Y
739ER,N69819 ,3819,2014,Slimline Sky,20F/45E+/114Y
739ER,N63820 ,3820,2014,Slimline Sky,20F/45E+/114Y
739ER,N68821 ,3821,2014,Slimline Sky,20F/45E+/114Y
739ER,N68822,3822,2014,Slimline Sky,20F/45E+/114Y
739ER,N68823,3823,2014,Slimline Sky,20F/45E+/114Y
739ER,N69824,3824,2014,Slimline Sky,20F/45E+/114Y
739ER,N66825,3825,2014,Slimline Sky,20F/45E+/114Y
739ER,N69826,3826,2014,Slimline Sky,20F/45E+/114Y
739ER,N67827,3827,2014,Slimline Sky,20F/45E+/114Y
739ER,N66828,3828,2014,Slimline Sky,20F/45E+/114Y
739ER,N69829,3829,2014,Slimline Sky,20F/45E+/114Y
739ER,N69830,3830,2014,Slimline Sky,20F/45E+/114Y
739ER,N66831,3831,2014,Slimline Sky,20F/45E+/114Y
739ER,N65832,3832,2014,Slimline Sky,20F/45E+/114Y
739ER,N69833,3833,2014,Slimline Sky,20F/45E+/114Y
739ER,N68834,3834,2014,Slimline Sky,20F/45E+/114Y
739ER,N69835,3835,2014,Slimline Sky,20F/45E+/114Y
739ER,N68836,3836,2014,NEXT,20F/45E+/114Y
739ER,N66837,3837,2014,Slimline Sky,20F/45E+/114Y
739ER,N69838,3838,2014,Slimline Sky,20F/45E+/114Y
739ER,N69839,3839,2014,NEXT,20F/45E+/114Y
739ER,N69840,3840,2015,NEXT,20F/45E+/114Y
739ER,N66841,3841,2015,Slimline Sky,20F/45E+/114Y
739ER,N68842,3842,2015,NEXT,20F/45E+/114Y
739ER,N68843,3843,2015,NEXT,20F/45E+/114Y
739ER,N64844,3844,2015,NEXT,20F/45E+/114Y
739ER,N67845,3845,2015,NEXT,20F/45E+/114Y
739ER,N67846,3846,2015,NEXT,20F/45E+/114Y
739ER,N69847,3847,2015,Slimline Sky,20F/45E+/114Y
739ER,N66848,3848,2015,NEXT,20F/45E+/114Y
739ER,N62849,3849,2015,Slimline Sky,20F/45E+/114Y
739ER,N68880,3880,2015,NEXT,20F/45E+/114Y
739ER,N61881,3881,2015,Slimline Sky,20F/45E+/114Y
739ER,N61882,3882,2015,NEXT,20F/45E+/114Y
739ER,N62883,3883,2015,Slimline Sky,20F/45E+/114Y
739ER,N62884,3884,2015,Slimline Sky,20F/45E+/114Y
739ER,N69885,3885,2015,Slimline Sky,20F/45E+/114Y
739ER,N61886,3886,2015,Slimline Sky,20F/45E+/114Y
739ER,N61887,3887,2015,Slimline Sky,20F/45E+/114Y
739ER,N69888,3888,2015,Slimline Sky,20F/45E+/114Y
739ER,N62889,3889,2015,Slimline Sky,20F/45E+/114Y
739ER,N63890,3890,2015,Slimline Sky,20F/45E+/114Y
739ER,N68891,3891,2015,Slimline Sky,20F/45E+/114Y
739ER,N62892,3892,2015,Slimline Sky,20F/42E+/117Y
739ER,N66893,3893,2016,Slimline Sky,20F/45E+/114Y
739ER,N62894,3894,2016,Slimline Sky,20F/45E+/114Y
73L, ,,have,SpaceBins,
739ER,N62895,3895,2016,Slimline Sky,20F/45E+/114Y
739ER,N62896,3896,2016,Slimline Sky,20F/45E+/114Y
739ER,N66897,3897,2016,Slimline Sky,20F/45E+/114Y
739ER,N61898,3898,2016,Slimline Sky,20F/45E+/114Y
739ER,N63899,3899,2016,Slimline Sky,20F/45E+/114Y
,,,,,
39M,N67501,7501,2018,Slimline Sky,20F/48E+/111Y
39M,N37502,7502,2018,Slimline Sky,20F/48E+/111Y
39M,N27503,7503,2018,Slimline Sky,20F/48E+/111Y
39M,N37504 ,7504,2018,Slimline Sky,20F/48E+/111Y
39M,N47505 ,7505,2018,Slimline Sky,20F/48E+/111Y
39M,N37506 ,7506,2018,Slimline Sky,20F/48E+/111Y
39M,N37507 ,7507,2018,Slimline Sky,20F/48E+/111Y
39M,N37508 ,7508,2018,Slimline Sky,20F/48E+/111Y
39M,N27509,7509,2018,Slimline Sky,20F/48E+/111Y
39M,N37510 ,7510,2019,Slimline Sky,20F/48E+/111Y
39M,N27511,7511,2019,Slimline Sky,20F/48E+/111Y
39M,N47512,7512,2019,Slimline Sky,20F/48E+/111Y
39M,N37513 ,7513,2019,Slimline Sky,20F/48E+/111Y
39M,N37514,7514,2019,Slimline Sky,20F/48E+/111Y
39M,N27515,7515,2020,Slimline Sky,20F/48E+/111Y
39M,N37516,7516,2020,Slimline Sky,20F/45E+/114Y
39M,N47517,7517,2020,Slimline Sky,20F/45E+/114Y
39M,N37518,7518,2021,Slimline Sky,20F/45E+/114Y
39M,N27519,7519,2020,Slimline Sky,20F/45E+/114Y
39M,N27520,7520,2020,Slimline Sky,20F/45E+/114Y
39M,N37521,7521,2020,Slimline Sky,20F/45E+/114Y
39M,N37522,7522,2021,Slimline Sky,20F/45E+/114Y
39M,N37523,7523,2020,Slimline Sky,20F/45E+/114Y
39M,N47524,7524,2020,Slimline Sky,20F/45E+/114Y
39M,N37525,7525,2021,Slimline Sky,20F/45E+/114Y
39M,N27526,7526,2021,Slimline Sky,20F/45E+/114Y
39M,N37527,7527,2021,Slimline Sky,20F/45E+/114Y
39M,N37528,7528,2021,Slimline Sky,20F/45E+/114Y
39M,N17529,7529,2021,Slimline Sky,20F/45E+/114Y
39M,N37530,7530,2021,Slimline Sky,20F/45E+/114Y
39M,N37531,7531,2022,NEXT,20F/45E+/114Y
39M,N37532,7532,2022,NEXT,20F/45E+/114Y
39M,N47533,7533,2022,NEXT,20F/45E+/114Y
39M,N37534,7534,2022,NEXT,20F/45E+/114Y
39M,N37535,7535,2022,NEXT,20F/45E+/114Y
39M,N37536,7536,2022,NEXT,20F/45E+/114Y
39M,N37537,7537,2022,NEXT,20F/45E+/114Y
39M,N37538,7538,2022,NEXT,20F/45E+/114Y
39M,N27539,7539,2022,NEXT,20F/45E+/114Y
39M,N37540,7540,2022,NEXT,20F/45E+/114Y
39M,N37541,7541,2022,NEXT,20F/45E+/114Y
39M,N37542,7542,2022,NEXT,20F/45E+/114Y
39M,N77543,7543,2022,NEXT,20F/45E+/114Y
39M,N77544,7544,2022,NEXT,20F/45E+/114Y
39M,N37545,7545,2022,NEXT,20F/45E+/114Y
39M,N27546,7546,2022,NEXT,20F/45E+/114Y
39M,N37547,7547,2022,NEXT,20F/45E+/114Y
39M,N37548,7548,2022,NEXT,20F/45E+/114Y
39M,N37549,7549,2023,NEXT,20F/45E+/114Y
39M,N17550,7550,2023,NEXT,20F/45E+/114Y
39M,N37551,7551,2023,NEXT,20F/45E+/114Y
39M,N77552,7552,2023,NEXT,20F/45E+/114Y
39M,N37553,7553,2023,NEXT,20F/45E+/114Y
39M,N37554,7554,2023,NEXT,20F/45E+/114Y
39M,N37555,7555,2023,NEXT,20F/45E+/114Y
39M,N37556,7556,2023,NEXT,20F/45E+/114Y
39M,N17557,7557,2023,NEXT,20F/45E+/114Y
39M,N77558,7558,2023,NEXT,20F/45E+/114Y
39M,N77559,7559,2023,NEXT,20F/45E+/114Y
39M,N37560,7560,2023,NEXT,20F/45E+/114Y
39M,N37561,7561,2023,NEXT,20F/45E+/114Y
39M,N37562,7562,2023,NEXT,20F/45E+/114Y
39M,N37563,7563,2023,NEXT,20F/45E+/114Y
39M,N17564,7564,2023,NEXT,20F/45E+/114Y
39M,N17565,7565,2023,NEXT,20F/45E+/114Y
39M,N17566,7566,2023,NEXT,20F/45E+/114Y
39M,N37567,7567,2023,NEXT,20F/45E+/114Y
39M,N27568,7568,2023,NEXT,20F/45E+/114Y
39M,N47569,7569,2023,NEXT,20F/45E+/114Y
39M,N47570,7570,2023,NEXT,20F/45E+/114Y
39M,N77571,7571,2023,NEXT,20F/45E+/114Y
39M,N77572,7572,2023,NEXT,20F/45E+/114Y
39M,N77573,7573,2023,NEXT,20F/45E+/114Y
39M,N17574,7574,2023,NEXT,20F/45E+/114Y
39M,N77575,7575,2023,NEXT,20F/45E+/114Y
39M,N77576,7576,2023,NEXT,20F/45E+/114Y
39M,N37577,7577,2023,NEXT,20F/45E+/114Y
39M,N77578,7578,2023,NEXT,20F/45E+/114Y
39M,N77579,7579,2023,NEXT,20F/45E+/114Y
,,,,,
Old 75B,Scimitars,Upper,New 75S,pmCO Interntnl ,"pmCO fleet numbers 0xxx, 3xxx on United.com"
752,N58101 ,3101 ,1994,New Intl,16J/42E+/118Y
752,N14102 ,3102 ,1994,New Intl,16J/42E+/118Y
752,N33103,3103 ,1994,New Intl,16J/42E+/118Y
752,N17104 ,3104 ,1994,New Intl,16J/42E+/118Y
752,N17105 ,3105 ,1994,New Intl,16J/42E+/118Y
752,N14106 ,3106 ,1994,New Intl,16J/42E+/118Y
752,N14107 ,3107 ,1994,New Intl,16J/42E+/118Y
752,N21108 ,3108 ,1994,New Intl,16J/42E+/118Y
752,N12109 ,3109 ,1994,New Intl,16J/42E+/118Y
752,N13110 ,3110 ,1994,New Intl,16J/42E+/118Y
752,N57111 ,3111 ,1994,New Intl,16J/42E+/118Y
752,N18112 ,3112 ,1995,New Intl,16J/42E+/118Y
752,N13113 ,3113 ,1995,New Intl,16J/42E+/118Y
752,N12114 ,3114 ,1995,New Intl,16J/42E+/118Y
752,N14115 ,3115 ,1995,New Intl,16J/42E+/118Y
752,N12116 ,3116 ,1997,New Intl,16J/42E+/118Y
752,N19117 ,3117 ,1996,New Intl,16J/42E+/118Y
752,N14118 ,3118 ,1997,New Intl,16J/42E+/118Y
752,N18119 ,3119 ,1997,New Intl,16J/42E+/118Y
752,N14120 ,3120 ,1997,New Intl,16J/42E+/118Y
752,N14121 ,3121 ,1997,Intl Flat,16J/45E+/108Y
752,N17122,3122,1998,New Intl,16J/42E+/118Y
752,N29124 ,3124 ,1998,New Intl,16J/42E+/118Y
752,N12125 ,3125 ,1998,New Intl,16J/42E+/118Y
752,N17126 ,3126 ,1998,New Intl,16J/42E+/118Y
752,N48127 ,3127 ,1998,New Intl,16J/42E+/118Y
752,N17128 ,3128 ,1998,New Intl,16J/42E+/118Y
752,N29129 ,3129 ,1998,New Intl,16J/42E+/118Y
752,N19130 ,3130 ,1998,New Intl,16J/42E+/118Y
752,N34131 ,3131 ,1998,New Intl,16J/42E+/118Y
752,N33132 ,3132 ,1998,New Intl,16J/42E+/118Y
752,N17133 ,3133 ,1998,New Intl,16J/42E+/118Y
752,N67134 ,3134 ,1999,New Intl,16J/42E+/118Y
752,N41135 ,3135 ,1999,New Intl,16J/42E+/118Y
752,N19136 ,3136 ,1999,New Intl,16J/42E+/118Y
752,N34137 ,3137 ,1999,New Intl,16J/42E+/118Y
752,N13138 ,3138 ,1999,New Intl,16J/42E+/118Y
752,N17139 ,3139 ,2000,New Intl,16J/42E+/118Y
752,N41140 ,3140 ,2000,New Intl,16J/42E+/118Y
752,N19141 ,3141 ,2000,New Intl,16J/42E+/118Y
,,,,,
319,N801UA,4001,1997,NEXT,12F/36E+/78Y
319,N802UA,4002,1997,SL/NewF,12F/36E+/78Y
319,N803UA,4003,1997,SL/NewF,12F/36E+/78Y
319,N804UA,4004,1997,SL/NewF,12F/36E+/78Y
319,N805UA,4005,1998,SL/NewF,12F/36E+/78Y
319,N806UA,4006,1998,SL/NewF,12F/36E+/78Y
319,N807UA,4007,1998,SL/NewF,12F/36E+/78Y
319,N808UA,4008,1998,SL/NewF,12F/36E+/78Y
319,N809UA,4009,1998,SL/NewF,12F/36E+/78Y
319,N810UA,4010,1998,SL/NewF,12F/36E+/78Y
319,N811UA,4011,1998,SL/NewF,12F/36E+/78Y
319,N812UA,4012,1998,SL/NewF,12F/36E+/78Y
319,N813UA,4013,1998,SL/NewF,12F/36E+/78Y
319,N814UA,4014,1998,NEXT,12F/36E+/78Y
319,N815UA,4015,1998,SL/NewF,12F/36E+/78Y
319,N816UA,4016,1998,NEXT,12F/36E+/78Y
319,N817UA,4017,1998,NEXT,12F/36E+/78Y
319,N818UA,4018,1998,SL/NewF,12F/36E+/78Y
319,N819UA,4019,1998,NEXT,12F/36E+/78Y
319,N820UA,4020,1998,NEXT,12F/36E+/78Y
319,N821UA,4021,1999,SL/NewF,12F/36E+/78Y
319,N822UA,4022,1999,NEXT,12F/36E+/78Y
319,N823UA,4023,1999,SL/NewF,12F/36E+/78Y
319,N824UA,4024,1999,NEXT,12F/36E+/78Y
319,N825UA,4025,1999,NEXT,12F/36E+/78Y
319,N826UA,4026,1999,NEXT,12F/36E+/78Y
319,N827UA,4027,1999,SL/NewF,12F/36E+/78Y
319,N828UA,4028,1999,NEXT,12F/36E+/78Y
319,N829UA,4029,2000,SL/NewF,12F/36E+/78Y
319,N830UA,4030,2000,SL/NewF,12F/36E+/78Y
319,N831UA,4031,2000,SL/NewF,12F/36E+/78Y
319,N832UA,4032,2000,NEXT,12F/36E+/78Y
319,N833UA,4033,2001,SL/NewF,12F/36E+/78Y
319,N834UA,4034,2001,NEXT,12F/36E+/78Y
319,N835UA,4035,2001,NEXT,12F/36E+/78Y
319,N836UA,4036,2001,NEXT,12F/36E+/78Y
319,N837UA,4037,2001,SL/NewF,12F/36E+/78Y
319,N838UA,4038,2001,SL/NewF,12F/36E+/78Y
319,N839UA,4039,2001,NEXT,12F/36E+/78Y
319,N840UA,4040,2001,NEXT,12F/36E+/78Y
319,N841UA,4041,2001,NEXT,12F/36E+/78Y
319,N842UA,4042,2001,SL/NewF,12F/36E+/78Y
319,N843UA,4043,2001,SL/NewF,12F/36E+/78Y
319,N844UA ,4044,2001,SL/NewF,12F/36E+/78Y
319,N845UA,4045,2001,SL/NewF,12F/36E+/78Y
319,N846UA,4046,2001,SL/NewF,12F/36E+/78Y
319,N847UA,4047,2001,SL/NewF,12F/36E+/78Y
319,N848UA,4048,2002,SL/NewF,12F/36E+/78Y
319,N849UA,4049,2002,SL/NewF,12F/36E+/78Y
319,N850UA,4050,2002,SL/NewF,12F/36E+/78Y
319,N851UA,4051,2002,SL/NewF,12F/36E+/78Y
319,N852UA,4052,2002,SL/NewF,12F/36E+/78Y
319,N853UA,4053,2002,SL/NewF,12F/36E+/78Y
319,N854UA,4054,2002,SL/NewF,12F/36E+/78Y
319,N855UA,4055,2002,SL/NewF,12F/36E+/78Y
19G,UA  Dlv Year 2016,AC#,Orig Dlvr Year,UA Year 2017,Aft Lav/Galley different
319,N871UA,4871,2003,SL/NewF,12F/36E+/78Y
319,N872UA,4872,2003,SL/NewF,12F/36E+/78Y
319,N873UA,4873,2003,SL/NewF,12F/36E+/78Y
319,N874UA,4874,2003,SL/NewF,12F/36E+/78Y
319,N875UA,4875,2004,SL/NewF,12F/36E+/78Y
319,N876UA,4876,2004,SL/NewF,12F/36E+/78Y
319,N877UA,4877,2004,SL/NewF,12F/36E+/78Y
319,N878UA,4878,2005,SL/NewF,12F/36E+/78Y
319,N879UA,4879,2005,SL/NewF,12F/36E+/78Y
319,N880UA,4880,2007,SL/NewF,12F/36E+/78Y
319,N881UA,4881,2005,SL/NewF,12F/36E+/78Y
319,N882UA,4882,2004,SL/NewF,12F/36E+/78Y
319,N883UA,4883,2004,SL/NewF,12F/36E+/78Y
319,N884UA,4884,2004,SL/NewF,12F/36E+/78Y
319,N4888U,4888,2007,SL/NewF,12F/36E+/78Y
319,N889UA,4889,2006,SL/NewF,12F/36E+/78Y
319,N890UA,4890,2006,SL/NewF,12F/36E+/78Y
319,N891UA,4891,2006,SL/NewF,12F/36E+/78Y
319,N892UA,4892,2006,SL/NewF,12F/36E+/78Y
319,N893UA,4893,2006,NEXT,12F/36E+/78Y
319,N894UA,4894,2006,SL/NewF,12F/36E+/78Y
319,N895UA,4895,2007,SL/NewF,12F/36E+/78Y
319,N896UA,4896,2007,SL/NewF,12F/36E+/78Y
319,N897UA,4897,2007,SL/NewF,12F/36E+/78Y
319,N898UA,4898,2007,NEXT,12F/36E+/78Y
319,N899UA,4899,2007,SL/NewF,12F/36E+/78Y
,,,,,
753,N75851,3851,2001,,24F/54E+/156Y
753,N57852,3852,2001,,24F/54E+/156Y
753,N75853,3853,2002,,24F/54E+/156Y
753,N75854,3854,2002,,24F/54E+/156Y
753,N57855,3855,2004,,24F/54E+/156Y
753,N74856,3856,2004,,24F/54E+/156Y
753,N57857,3857,2004,,24F/54E+/156Y
753,N75858,3858,2004,,24F/54E+/156Y
753,N56859,3859,2004,,24F/54E+/156Y
75E,Original ATA,AC#,Original Delivery,,Became UA 2005
753,N73860,3860,2001,,24F/54E+/156Y
753,N75861,3861,2001,,24F/54E+/156Y
753,N57862,3862,2001,,24F/54E+/156Y
753,N57863,3863,2001,,24F/54E+/156Y
753,N57864,3864,2001,,24F/54E+/156Y
753,N77865,3865,2002,,24F/54E+/156Y
753,N78866,3866,2002,,24F/54E+/156Y
753,N77867,3867,2002,,24F/54E+/156Y
753,N57868,3868,2002,,24F/54E+/156Y
753,N57869,3869,2002,,24F/54E+/156Y
753,N57870,3870,2003,,24F/54E+/156Y
753,N77871,3871,2003,,24F/54E+/156Y
,,,,,
21N,N44501,4501,2023,NEXT,20F/57E+/123Y
21N,N14502,4502,2023,NEXT,20F/57E+/123Y
21N,N14503,4503,2024,NEXT,20F/57E+/123Y
21N,N14504,4504,2024,NEXT,20F/57E+/123Y
21N,N24505,4505,2023,NEXT,20F/57E+/123Y
21N,N14506,4506,2024,NEXT,20F/57E+/123Y
21N,N14507,4507,2024,NEXT,20F/57E+/123Y
21N,N14511,4511,2024,NEXT,20F/57E+/123Y
,,,,,
763ER,N641UA,6441,1991,Polaris/PP,30J/24PP/32E+/113Y
763ER,N642UA,6442,1991,Polaris/PP,30J/24PP/32E+/113Y
763ER,N643UA,6443,1991,Polaris/PP,30J/24PP/32E+/113Y
763ER,N644UA,6444,1991,Polaris/PP,30J/24PP/32E+/113Y
763ER,N647UA,6447,1992,Polaris/PP,30J/24PP/32E+/113Y
763ER,N648UA,6448,1992,Polaris/PP,30J/24PP/32E+/113Y
763ER,N649UA,6449,1992,Polaris/PP,30J/24PP/32E+/113Y
763ER,N651UA,6451,1992,Polaris/PP,30J/24PP/32E+/113Y
763ER,N654UA,6454,1992,Polaris/PP,30J/24PP/32E+/113Y
763ER,N655UA,6455,1992,Polaris/PP,30J/24PP/32E+/113Y
763ER,N656UA,6456,1993,Polaris/PP,30J/24PP/32E+/113Y
763ER,N659UA,6459,1993,Polaris/PP,30J/24PP/32E+/113Y
763ER,N660UA,6460,1993,Polaris/PP,30J/24PP/32E+/113Y
76L,Ex-HAL,toUA,Dlvrd,767-300ER,High J + PP
763ER,N652UA,6452,1992,H Polaris/PE,46J/22PE/43E+/56Y
763ER,N653UA,6453,1992,H Polaris/PE,46J/22PE/43E+/56Y
763ER,N657UA,6457,1993,H Polaris/PE,46J/22PE/43E+/56Y
763ER,N658UA,6458,1993,H Polaris/PE,46J/22PE/43E+/56Y
763ER,N661UA,6461,1993,H Polaris/PE,46J/22PE/43E+/56Y
763ER,N662UA,6462,1993,H Polaris/PE,46J/22PE/43E+/56Y
763ER,N663UA,6463,1993,H Polaris/PE,46J/22PE/43E+/56Y
763ER,N664UA,6664,1998,H Polaris/PE,46J/22PE/43E+/56Y
763ER,N665UA,6665,1998,H Polaris/PE,46J/22PE/43E+/56Y
763ER,N666UA,6666,1998,H Polaris/PE,46J/22PE/43E+/56Y
763ER,N667UA,6667,1998,H Polaris/PE,46J/22PE/43E+/56Y
763ER,N668UA,6668,1999,H Polaris/PE,46J/22PE/43E+/56Y
763ER,N669UA,6669,1999,H Polaris/PE,46J/22PE/43E+/56Y
763ER,N670UA,6670,1999,H Polaris/PE,46J/22PE/43E+/56Y
763ER,N671UA,6671,1999,H Polaris/PE,46J/22PE/43E+/56Y
763ER,N672UA,6672,1999,H Polaris/PE,46J/22PE/43E+/56Y
763ER,N673UA,6673,2000,H Polaris/PE,46J/22PE/43E+/56Y
763ER,N674UA,6674,2000,H Polaris/PE,46J/22PE/43E+/56Y
763ER,N675UA,6675,2000,H Polaris/PE,46J/22PE/43E+/56Y
763ER,N676UA,6676,2001,H Polaris/PE,46J/22PE/43E+/56Y
763ER,N677UA,6677,2001,H Polaris/PE,46J/22PE/43E+/56Y
763ER,N684UA,6684,2002,H Polaris/PE,46J/22PE/43E+/56Y
763ER,N685UA,6685,2002,H Polaris/PE,46J/22PE/43E+/56Y
763ER,N686UA,6686,2003,H Polaris/PE,46J/22PE/43E+/56Y
76S,76U after Polaris mod,,,767-424ER,Polaris starts Aug 2020
764ER,N66051,3051,2000,Polaris/PP,34J/24PE/48E+/125Y
764ER,N67052,3052,2000,Polaris/PP,34J/24PE/48E+/125Y
764ER,N59053,3053,2000,Polaris/PP,34J/24PE/48E+/125Y
764ER,N76054,3054,2000,Polaris/PP,34J/24PE/48E+/125Y
764ER,N76055,3055,2001,Polaris/PP,34J/24PE/48E+/125Y
764ER,N66056,3056,2001,Polaris/PP,34J/24PE/48E+/125Y
764ER,N66057,3057,2002,Polaris/PP,34J/24PE/48E+/125Y
764ER,N67058,3058,2002,Polaris/PP,34J/24PE/48E+/125Y
764ER,N69059,3059,2002,Polaris/PP,34J/24PE/48E+/125Y
764ER,N78060,3060,2002,Polaris/PP,34J/24PE/48E+/125Y
764ER,N68061,3061,2002,Polaris/PP,34J/24PE/48E+/125Y
764ER,N76062,3062,2002,Polaris/PP,34J/24PE/48E+/125Y
764ER,N69063,3063,2002,Polaris/PP,34J/24PE/48E+/125Y
764ER,N76064,3064,2002,Polaris/PP,34J/24PE/48E+/125Y
764ER,N76065,3065,2002,Polaris/PP,34J/24PE/48E+/125Y
764ER,N77066,3066,2002,Polaris/PP,34J/24PE/48E+/125Y
,,,,,
77G,N210UA ,2510,2000,Domestic V#4,28F/102E+/234Y
77G,N211UA ,2511 ,2000,Domestic V#4,28F/102E+/234Y
77G,N212UA ,2512 ,2000,Domestic V#4,28F/102E+/234Y
77G,N213UA ,2513 ,2000,Domestic V#4,28F/102E+/234Y
77G,N214UA ,2514 ,2000,Domestic V#4,28F/102E+/234Y
77G,N215UA ,2515 ,2000,Domestic V#4,28F/102E+/234Y
77G,N768UA ,2368 ,1995,Domestic V#4,28F/102E+/234Y
77M,N769UA ,2469 ,1995,Domestic V#3,28F/102E+/234Y
77M,N771UA ,2471 ,1995,Domestic V#3,28F/102E+/234Y
77G,N772UA ,2372 ,1995,Domestic V#4,28F/102E+/234Y
77M,N773UA ,2473 ,1995,Domestic V#3,28F/102E+/234Y
77M,N774UA ,2474 ,1996,Domestic V#3,28F/102E+/234Y
77M,N775UA ,2475 ,1996,Domestic V#3,28F/102E+/234Y
77M,N776UA ,2476 ,1996,Domestic V#3,28F/102E+/234Y
77M,N777UA ,2477 ,1995,Domestic V#3,28F/102E+/234Y
77M,N778UA ,2478 ,1996,Domestic V#3,28F/102E+/234Y
77G,N779UA ,2379 ,1996,Domestic V#4,28F/102E+/234Y
77M,N780UA ,2480 ,1996,Domestic V#3,28F/102E+/234Y
77M,N781UA ,2481 ,1996,Domestic V#3,28F/102E+/234Y
77O,ER,,,Domestic, 
77O,N219UA ,2019 ,2001,DomesticER,32F/124E+/206Y
77O,N220UA ,2020 ,2001,DomesticER,32F/124E+/206Y
77O,N221UA ,2021 ,2001,DomesticER,32F/124E+/206Y
77O,N222UA ,2822 ,2001,DomesticER,32F/124E+/206Y
772ER,PW Powrd ER,,,Polaris/PE - scroll down for GE powered,"77U=No pilot rest module, lower FA rest module - take up 4 LD# positions"
77N,N204UA ,2704,1999,Polaris/PE,50J/24PE/46E+/156Y
77N,N206UA ,2706,1999,Polaris/PE,50J/24PE/46E+/156Y
77U,N209UA ,2809 ,1999,Polaris/PE,50J/24PE/46E+/156Y
77U,N216UA ,2816 ,2000,Polaris/PE,50J/24PE/46E+/156Y
77U,N217UA ,2817 ,2000,Polaris/PE,50J/24PE/46E+/156Y
77U,N218UA ,2018 ,2001,Polaris/PE,50J/24PE/46E+/156Y
77U,N223UA ,2823 ,2001,Polaris/PE,50J/24PE/46E+/156Y
77U,N224UA ,2824 ,2001,Polaris/PE,50J/24PE/46E+/156Y
77U,N225UA ,2025 ,2001,Polaris/PE,50J/24PE/46E+/156Y
77U,N226UA ,2826 ,2002,Polaris/PE,50J/24PE/46E+/156Y
77U,N227UA ,2827 ,2002,Polaris/PE,50J/24PE/46E+/156Y
77U,N228UA ,2828 ,2002,Polaris/PE,50J/24PE/46E+/156Y
77U,N229UA ,2029 ,2002,Polaris/PE,50J/24PE/46E+/156Y
77U,N782UA ,2882 ,1997,Polaris/PE,50J/24PE/46E+/156Y
77U,N783UA ,2883 ,1997,Polaris/PE,50J/24PE/46E+/156Y
77U,N784UA ,2884 ,1997,Polaris/PE,50J/24PE/46E+/156Y
77U,N785UA ,2885 ,1997,Polaris/PE,50J/24PE/46E+/156Y
77N,N786UA ,2786 ,1997,Polaris/PE,50J/24PE/46E+/156Y
77U,N787UA ,2887 ,1997,Polaris/PE,50J/24PE/46E+/156Y
77U,N788UA ,2888 ,1997,Polaris/PE,50J/24PE/46E+/156Y
77N,N791UA ,2791,1997,Polaris/PE,50J/24PE/46E+/156Y
77N,N792UA ,2792,1997,Polaris/PE,50J/24PE/46E+/156Y
77N,N793UA ,2793 ,1997,Polaris/PE,50J/24PE/46E+/156Y
77U,N794UA ,2894 ,1997,Polaris/PE,50J/24PE/46E+/156Y
77N,N795UA ,2795,1997,Polaris/PE,50J/24PE/46E+/156Y
77N,N796UA ,2796 ,1998,Polaris/PE,50J/24PE/46E+/156Y
77U,N797UA ,2897 ,1998,Polaris/PE,50J/24PE/46E+/156Y
77N,N798UA ,2798,1998,Polaris/PE,50J/24PE/46E+/156Y
77N,N799UA ,2799,1998,Polaris/PE,50J/24PE/46E+/156Y
77E,,ER, ,GE Powered Polaris/PE,All 772 Intl  Y/E+ Aspire/Rockwell Collins seats
772ER,N78001,3001,1998,Polaris/PE,50J/24PE/46E+/156Y
772ER,N78002,3002,1998,Polaris/PE,50J/24PE/46E+/156Y
772ER,N78003,3003,1998,Polaris/PE,50J/24PE/46E+/156Y
772ER,N78004,3004,1998,Polaris/PE,50J/24PE/46E+/156Y
772ER,N78005,3005,1998,Polaris/PE,50J/24PE/46E+/156Y
772ER,N77006,3006,1998,Polaris/PE,50J/24PE/46E+/156Y
772ER,N74007,3007,1999,Polaris/PE,50J/24PE/46E+/156Y
772ER,N78008,3008,1999,Polaris/PE,50J/24PE/46E+/156Y
772ER,N78009,3009,1999,Polaris/PE,50J/24PE/46E+/156Y
772ER,N76010,3010,1999,Polaris/PE,50J/24PE/46E+/156Y
772ER,N79011,3011,1999,Polaris/PE,50J/24PE/46E+/156Y
772ER,N77012,3012,1999,Polaris/PE,50J/24PE/46E+/156Y
772ER,N78013,3013,1999,Polaris/PE,50J/24PE/46E+/156Y
772ER,N77014,3014,1999,Polaris/PE,50J/24PE/46E+/156Y
772ER,N27015,3015,2000,Polaris/PE,50J/24PE/46E+/156Y
772ER,N57016,3016,2000,Polaris/PE,50J/24PE/46E+/156Y
772ER,N78017,3017,2002,Polaris/PE,50J/24PE/46E+/156Y
772ER,N37018,3018,2002,Polaris/PE,50J/24PE/46E+/156Y
772ER,N77019,3019,2007,Polaris/PE,50J/24PE/46E+/156Y
772ER,N69020,3020,2007,Polaris/PE,50J/24PE/46E+/156Y
772ER,N76021,3021,2010,Polaris/PE,50J/24PE/46E+/156Y
772ER,N77022,3022,2010,Polaris/PE,50J/24PE/46E+/156Y
,,,,,
77W,N2331U ,2131,2016,Polaris/PE,60J/24PE/62E+/204Y
77W,N2332U,2132,2016,Polaris/PE,60J/24PE/62E+/204Y
77W,N2333U ,2133,2017,Polaris/PE,60J/24PE/62E+/204Y
77W,N2534U ,2134,2017,Polaris/PE,60J/24PE/62E+/204Y
77W,N2135U ,2135,2017,Polaris/PE,60J/24PE/62E+/204Y
77W,N2136U ,2136,2017,Polaris/PE,60J/24PE/62E+/204Y
77W,N2737U ,2137,2017,Polaris/PE,60J/24PE/62E+/204Y
77W,N2138U ,2138,2017,Polaris/PE,60J/24PE/62E+/204Y
77W,N2639U ,2139,2017,Polaris/PE,60J/24PE/62E+/204Y
77W,N2140U ,2140,2017,Polaris/PE,60J/24PE/62E+/204Y
77W,N2341U ,2141,2017,Polaris/PE,60J/24PE/62E+/204Y
77W,N2142U ,2142,2017,Polaris/PE,60J/24PE/62E+/204Y
77W,N2243U ,2143,2017,Polaris/PE,60J/24PE/62E+/204Y
77W,N2644U ,2144,2017,Polaris/PE,60J/24PE/62E+/204Y
77W,N2645U ,2145,2018,Polaris/PE,60J/24PE/62E+/204Y
77W,N2846U ,2146,2018,Polaris/PE,60J/24PE/62E+/204Y
77W,N2747U ,2147,2018,Polaris/PE,60J/24PE/62E+/204Y
77W,N2748U ,2148,2018,Polaris/PE,60J/24PE/62E+/204Y
77W,N2749U ,2149,2019,Polaris/PE,60J/24PE/62E+/204Y
77W,N2250U ,2150,2019,Polaris/PE,60J/24PE/62E+/204Y
77W,N2251U ,2151,2020,Polaris/PE,60J/24PE/62E+/204Y
77W,N2352U ,2152,2020,Polaris/PE,60J/24PE/62E+/204Y
,,,,,
787-8,N27901,3901,2012,Polaris/PP,28J/21PE/36E+/158Y
787-8,N26902,3902,2012,Polaris/PP,28J/21PE/36E+/158Y
787-8,N27903,3903,2012,Polaris/PP,28J/21PE/36E+/158Y
787-8,N20904,3904,2012,Polaris/PP,28J/21PE/36E+/158Y
787-8,N45905,3905,2012,Polaris/PP,28J/21PE/36E+/158Y
787-8,N26906,3906,2012,Polaris/PP,28J/21PE/36E+/158Y
787-8,N29907,3907,2013,Polaris/PP,28J/21PE/36E+/158Y
787-8,N27908,3908,2013,Polaris/PP,28J/21PE/36E+/158Y
787-8,N26909,3909,2014,Polaris/PP,28J/21PE/36E+/158Y
787-8,N26910,3910,2014,Polaris/PP,28J/21PE/36E+/158Y
787-8,N28912,3912,2014,Polaris/PP,28J/21PE/36E+/158Y
787-8,N30913,3913,2014,Polaris/PP,28J/21PE/36E+/158Y
78J,787-10, , ,,78X YE+= Aspire/Rockwell Collins seats
787-10,N14001,1001,2018,Polaris/PP,44J/21PE/54E+/199Y
787-10,N17002,1002,2018,Polaris/PP,44J/21PE/54E+/199Y
787-10,N12003,1003,2018,Polaris/PP,44J/21PE/54E+/199Y
787-10,N12004,1004,2018,Polaris/PP,44J/21PE/54E+/199Y
787-10,N12005,1005,2018,Polaris/PP,44J/21PE/54E+/199Y
787-10,N12006,1006,2019,Polaris/PP,44J/21PE/54E+/199Y
787-10,N91007,1007,2019,Polaris/PP,44J/21PE/54E+/199Y
787-10,N16008,1008,2019,Polaris/PP,44J/21PE/54E+/199Y
787-10,N16009,1009,2019,Polaris/PP,44J/21PE/54E+/199Y
787-10,N12010,1010,2019,Polaris/PP,44J/21PE/54E+/199Y
787-10,N14011,1011,2019,Polaris/PP,44J/21PE/54E+/199Y
787-10,N12012,1012,2020,Polaris/PP,44J/21PE/54E+/199Y
787-10,N13013,1013,2020,Polaris/PP,44J/21PE/54E+/199Y
787-10,N13014,1014,2020,Polaris/PP,44J/21PE/54E+/199Y
787-10,N17015,1015,2022,Polaris/PP,44J/21PE/54E+/199Y
787-10,N14016,1016,2022,Polaris/PP,44J/21PE/54E+/199Y
787-10,N17017,1017,2022,Polaris/PP,44J/21PE/54E+/199Y
787-10,N13018,1018,2022,Polaris/PP,44J/21PE/54E+/199Y
787-10,N14019,1019,2022,Polaris/PP,44J/21PE/54E+/199Y
787-10,N12020,1020,2022,Polaris/PP,44J/21PE/54E+/199Y
787-10,N12021,1021,2022,Polaris/PP,44J/21PE/54E+/199Y
,,,,,
787-9,N38950,3950,2014,Polaris/PP,48J/21PE/39E+/149Y
787-9,N19951,3951,2014,Polaris/PP,48J/21PE/39E+/149Y
787-9,N26952,3952,2015,Polaris/PP,48J/21PE/39E+/149Y
787-9,N35953,3953,2015,Polaris/PP,48J/21PE/39E+/149Y
787-9,N13954,3954,2015,Polaris/PP,48J/21PE/39E+/149Y
787-9,N38955,3955,2015,Polaris/PP,48J/21PE/39E+/149Y
787-9,N45956,3956,2015,Polaris/PP,48J/21PE/39E+/149Y
787-9,N27957,3957,2015,Polaris/PP,48J/21PE/39E+/149Y
787-9,N27958,3958,2015,Polaris/PP,48J/21PE/39E+/149Y
787-9,N27959,3959,2015,Polaris/PP,48J/21PE/39E+/149Y
787-9,N26960,3960,2015,Polaris/PP,48J/21PE/39E+/149Y
787-9,N29961,3961,2015,Polaris/PP,48J/21PE/39E+/149Y
787-9,N36962,3962,2015,Polaris/PP,48J/21PE/39E+/149Y
787-9,N17963,3963,2016,Polaris/PP,48J/21PE/39E+/149Y
787-9,N27964,3964,2016,Polaris/PP,48J/21PE/39E+/149Y
787-9,N27965,3965,2016,Polaris/PP,48J/21PE/39E+/149Y
787-9,N26966,3966,2016,Polaris/PP,48J/21PE/39E+/149Y
787-9,N26967,3967,2016,Polaris/PP,48J/21PE/39E+/149Y
787-9,N29968,3968,2017,Polaris/PP,48J/21PE/39E+/149Y
787-9,N15969,3969,2017,Polaris/PP,48J/21PE/39E+/149Y
787-9,N26970,3970,2017,Polaris/PP,48J/21PE/39E+/149Y
787-9,N29971,3971,2018,Polaris/PP,48J/21PE/39E+/149Y
787-9,N24972,3972,2018,Polaris/PP,48J/21PE/39E+/149Y
787-9,N24973,3973,2018,Polaris/PP,48J/21PE/39E+/149Y
787-9,N24974,3974,2018,Polaris/PP,48J/21PE/39E+/149Y
787-9,N29975,3975,2020,Polaris/PP,48J/21PE/39E+/149Y
787-9,N24976,3976,2020,Polaris/PP,48J/21PE/39E+/149Y
787-9,N29977,3977,2020,Polaris/PP,48J/21PE/39E+/149Y
787-9,N29978,3978,2020,Polaris/PP,48J/21PE/39E+/149Y
787-9,N24979,3979,2020,Polaris/PP,48J/21PE/39E+/149Y
787-9,N24980,3980,2020,Polaris/PP,48J/21PE/39E+/149Y
787-9,N29981,3981,2020,Polaris/PP,48J/21PE/39E+/149Y
787-9,N25982,3982,2020,Polaris/PP,48J/21PE/39E+/149Y
787-9,N23983,3983,2020,Polaris/PP,48J/21PE/39E+/149Y
787-9,N29984,3984,2020,Polaris/PP,48J/21PE/39E+/149Y
787-9,N29985,3985,2021,Polaris/PP,48J/21PE/39E+/149Y
787-9,N19986,3986,2021,Polaris/PP,48J/21PE/39E+/149Y
787-9,N28987,3987,2021,Polaris/PP,48J/21PE/39E+/149Y
78Z,,,, , 
38M,N37297,7297,NEXT,,16F/54E+/96Y
38M,N47298,7298,NEXT,,16F/54E+/96Y
38M,N17315,7315,NEXT,,16F/54E+/96Y
38M,N17335,7335,NEXT,,16F/54E+/96Y
38M,N17341,7341,NEXT,,16F/54E+/96Y
38M,N47343,7343,NEXT,,16F/54E+/96Y
38M,N17344,7344,NEXT,,16F/54E+/96Y
38M,N47345,7345,NEXT,,16F/54E+/96Y
38M,N17346,7346,NEXT,,16F/54E+/96Y
38M,N17347,7347,NEXT,,16F/54E+/96Y
38M,N37348,7348,NEXT,,16F/54E+/96Y
38M,N17349,7349,NEXT,,16F/54E+/96Y
38M,N67350,7350,NEXT,,16F/54E+/96Y
38M,N37351,7351,NEXT,,16F/54E+/96Y
38M,N37352,7352,NEXT,,16F/54E+/96Y
38M,N37353,7353,NEXT,,16F/54E+/96Y
38M,N37354,7354,NEXT,,16F/54E+/96Y
38M,N17355,7355,NEXT,,16F/54E+/96Y
38M,N17356,7356,NEXT,,16F/54E+/96Y
38M,N37357,7357,NEXT,,16F/54E+/96Y
38M,N17358,7358,NEXT,,16F/54E+/96Y
38M,N17359,7359,NEXT,,16F/54E+/96Y
38M,N47360,7360,NEXT,,16F/54E+/96Y
38M,N17361,7361,NEXT,,16F/54E+/96Y
38M,N17362,7362,NEXT,,16F/54E+/96Y
38M,N17363,7363,NEXT,,16F/54E+/96Y
38M,N17364,7364,NEXT,,16F/54E+/96Y
38M,N37364,7365,NEXT,,16F/54E+/96Y
38M,N27366,7366,NEXT,,16F/54E+/96Y
38M,N37367,7367,NEXT,,16F/54E+/96Y
38M,N37368,7368,NEXT,,16F/54E+/96Y
38M,N43769,7369,NEXT,,16F/54E+/96Y
38M,N34770,7370,NEXT,,16F/54E+/96Y
38M,N37371,7371,NEXT,,16F/54E+/96Y
38M,N37372,7372,NEXT,,16F/54E+/96Y
38M,N17373,7373,NEXT,,16F/54E+/96Y
Model,Reg #,AC #,SEAT MAP,,Configuration
 , , ,737MAX9,,144 remaining
39M,N77580,7580,NEXT,,20F/48E+/111Y
39M,N77581,7581,NEXT,,20F/48E+/111Y
39M,N77582,7582,NEXT,,20F/48E+/111Y
39M,N17583,7583,NEXT,,20F/48E+/111Y
39M,N77584,7884,NEXT,,20F/48E+/111Y
39M,N77585,7585,NEXT,,20F/48E+/111Y
39M,N27586,7586,NEXT,,20F/48E+/111Y
39M,N77587,7587,NEXT,,20F/48E+/111Y
39M,N77588,7588,NEXT,,20F/48E+/111Y
39M,N17589,7589,NEXT,,20F/48E+/111Y
39M,N77590,7590,NEXT,,20F/48E+/111Y
39M,N77591,7591,NEXT,,20F/48E+/111Y
39M,N77592,7592,NEXT,,20F/48E+/111Y
39M,N17593,7593,NEXT,,20F/48E+/111Y
39M,N17594,7594,NEXT,,20F/48E+/111Y
39M,N17595,7595,NEXT,,20F/48E+/111Y
39M,N17596,7596,NEXT,,20F/48E+/111Y
39M,N17597,7597,NEXT,,20F/48E+/111Y
39M,N77598,7598,NEXT,,20F/48E+/111Y
39M,N17599,7599,NEXT,,20F/48E+/111Y
39M,N97801,7801,NEXT,,20F/48E+/111Y
39M,N97802,7802,NEXT,,20F/48E+/111Y
39M,N67803,7803,NEXT,,20F/48E+/111Y
39M,Nx7804,7804,NEXT,,20F/48E+/111Y
39M,N97805,7805,NEXT,,20F/48E+/111Y
39M, , ,NEXT,,20F/48E+/111Y
39M, , ,NEXT,,20F/48E+/111Y
39M, , ,NEXT,,20F/48E+/111Y
39M, , ,NEXT,,20F/48E+/111Y
39M, , ,NEXT,,20F/48E+/111Y
39M, , ,NEXT,,20F/48E+/111Y
39M, , ,NEXT,,20F/48E+/111Y
39M, , ,NEXT,,20F/48E+/111Y
39M, , ,NEXT,,20F/48E+/111Y
39M, , ,NEXT,,20F/48E+/111Y
39M, , ,NEXT,,20F/48E+/111Y
39M, , ,NEXT,,20F/48E+/111Y
39M, , ,NEXT,,20F/48E+/111Y
39M, , ,NEXT,,20F/48E+/111Y
39M, , ,NEXT,,20F/48E+/111Y
39M, , ,NEXT,,20F/48E+/111Y
39M, , ,NEXT,,20F/48E+/111Y
39M, , ,NEXT,,20F/48E+/111Y
39M, , ,NEXT,,20F/48E+/111Y
39M, , ,NEXT,,20F/48E+/111Y
39M, , ,NEXT,,20F/48E+/111Y
39M, , ,NEXT,,20F/48E+/111Y
39M, , ,NEXT,,20F/48E+/111Y
39M, , ,NEXT,,20F/48E+/111Y
39M, , ,NEXT,,20F/48E+/111Y
39M, , ,NEXT,,20F/48E+/111Y
39M, , ,NEXT,,20F/48E+/111Y
39M, , ,NEXT,,20F/48E+/111Y
39M, , ,NEXT,,20F/48E+/111Y
39M, , ,NEXT,,20F/48E+/111Y
39M, , ,NEXT,,20F/48E+/111Y
39M, , ,NEXT,,20F/48E+/111Y
39M, , ,NEXT,,20F/48E+/111Y
39M, , ,NEXT,,20F/48E+/111Y
39M, , ,NEXT,,20F/48E+/111Y
39M, , ,NEXT,,20F/48E+/111Y
39M, , ,NEXT,,20F/48E+/111Y
39M, , ,NEXT,,20F/48E+/111Y
39M, , ,NEXT,,20F/48E+/111Y
39M, , ,NEXT,,20F/48E+/111Y
39M, , ,NEXT,,20F/48E+/111Y
39M, , ,NEXT,,20F/48E+/111Y
39M, , ,NEXT,,20F/48E+/111Y
39M, , ,NEXT,,20F/48E+/111Y
39M, , ,NEXT,,20F/48E+/111Y
39M, , ,NEXT,,20F/48E+/111Y
39M, , ,NEXT,,20F/48E+/111Y
39M, , ,NEXT,,20F/48E+/111Y
39M, , ,NEXT,,20F/48E+/111Y
39M, , ,NEXT,,20F/48E+/111Y
39M, , ,NEXT,,20F/48E+/111Y
39M, , ,NEXT,,20F/48E+/111Y
39M, , ,NEXT,,20F/48E+/111Y
39M, , ,NEXT,,20F/48E+/111Y
39M, , ,NEXT,,20F/48E+/111Y
39M, , ,NEXT,,20F/48E+/111Y
39M, , ,NEXT,,20F/48E+/111Y
39M, , ,NEXT,,20F/48E+/111Y
39M, , ,NEXT,,20F/48E+/111Y
39M, , ,NEXT,,20F/48E+/111Y
39M, , ,NEXT,,20F/48E+/111Y
39M, , ,NEXT,,20F/48E+/111Y
39M, , ,NEXT,,20F/48E+/111Y
39M, , ,NEXT,,20F/48E+/111Y
39M, , ,NEXT,,20F/48E+/111Y
39M, , ,NEXT,,20F/48E+/111Y
39M, , ,NEXT,,20F/48E+/111Y
39M, , ,NEXT,,20F/48E+/111Y
39M, , ,NEXT,,20F/48E+/111Y
39M, , ,NEXT,,20F/48E+/111Y
39M, , ,NEXT,,20F/48E+/111Y
39M, , ,NEXT,,20F/48E+/111Y
39M, , ,NEXT,,20F/48E+/111Y
39M, , ,NEXT,,20F/48E+/111Y
39M, , ,NEXT,,20F/48E+/111Y
39M, , ,NEXT,,20F/48E+/111Y
39M, , ,NEXT,,20F/48E+/111Y
39M, , ,NEXT,,20F/48E+/111Y
39M, , ,NEXT,,20F/48E+/111Y
39M, , ,NEXT,,20F/48E+/111Y
39M, , ,NEXT,,20F/48E+/111Y
39M, , ,NEXT,,20F/48E+/111Y
39M, , ,NEXT,,20F/48E+/111Y
39M, , ,NEXT,,20F/48E+/111Y
39M, , ,NEXT,,20F/48E+/111Y
39M, , ,NEXT,,20F/48E+/111Y
39M, , ,NEXT,,20F/48E+/111Y
39M, , ,NEXT,,20F/48E+/111Y
39M, , ,NEXT,,20F/48E+/111Y
39M, , ,NEXT,,20F/48E+/111Y
39M, , ,NEXT,,20F/48E+/111Y
39M, , ,NEXT,,20F/48E+/111Y
39M, , ,NEXT,,20F/48E+/111Y
39M, , ,NEXT,,20F/48E+/111Y
39M, , ,NEXT,,20F/48E+/111Y
39M, , ,NEXT,,20F/48E+/111Y
39M, , ,NEXT,,20F/48E+/111Y
39M, , ,NEXT,,20F/48E+/111Y
39M, , ,NEXT,,20F/48E+/111Y
39M, , ,NEXT,,20F/48E+/111Y
39M, , ,NEXT,,20F/48E+/111Y
39M, , ,NEXT,,20F/48E+/111Y
39M, , ,NEXT,,20F/48E+/111Y
39M, , ,NEXT,,20F/48E+/111Y
39M, , ,NEXT,,20F/48E+/111Y
39M, , ,NEXT,,20F/48E+/111Y
39M, , ,NEXT,,20F/48E+/111Y
39M, , ,NEXT,,20F/48E+/111Y
39M, , ,NEXT,,20F/48E+/111Y
39M, , ,NEXT,,20F/48E+/111Y
39M, , ,NEXT,,20F/48E+/111Y
39M, , ,NEXT,,20F/48E+/111Y
39M, , ,NEXT,,20F/48E+/111Y
39M, , ,NEXT,,20F/48E+/111Y
39M, , ,NEXT,,20F/48E+/111Y
39M, , ,NEXT,,20F/48E+/111Y
39M, , ,NEXT,,20F/48E+/111Y
39M, , ,NEXT,,20F/48E+/111Y
39M, , ,NEXT,,20F/48E+/111Y
Model,Reg #,AC #,SEAT MAP,,Configuration