date,temperature_2m,relative_humidity_2m,precipitation,pressure_msl,cloud_cover,wind_speed_10m
2024-05-18 00:00:00+00:00,18.511143,18.511143,18.511143,18.511143,18.511143,18.511143
2024-05-18 01:00:00+00:00,17.581125,17.581125,17.581125,17.581125,17.581125,17.581125
2024-05-18 02:00:00+00:00,14.685176,14.685176,14.685176,14.685176,14.685176,14.685176
2024-05-18 03:00:00+00:00,12.9249525,12.9249525,12.9249525,12.9249525,12.9249525,12.9249525
2024-05-18 04:00:00+00:00,6.9527545,6.9527545,6.9527545,6.9527545,6.9527545,6.9527545
2024-05-18 05:00:00+00:00,3.319036,3.319036,3.319036,3.319036,3.319036,3.319036
2024-05-18 06:00:00+00:00,2.4149535,2.4149535,2.4149535,2.4149535,2.4149535,2.4149535
2024-05-18 07:00:00+00:00,6.9527545,6.9527545,6.9527545,6.9527545,6.9527545,6.9527545
2024-05-18 08:00:00+00:00,6.830519,6.830519,6.830519,6.830519,6.830519,6.830519
2024-05-18 09:00:00+00:00,5.0142193,5.0142193,5.0142193,5.0142193,5.0142193,5.0142193
2024-05-18 10:00:00+00:00,4.5536795,4.5536795,4.5536795,4.5536795,4.5536795,4.5536795
2024-05-18 11:00:00+00:00,6.193674,6.193674,6.193674,6.193674,6.193674,6.193674
2024-05-18 12:00:00+00:00,6.9153743,6.9153743,6.9153743,6.9153743,6.9153743,6.9153743
2024-05-18 13:00:00+00:00,7.145796,7.145796,7.145796,7.145796,7.145796,7.145796
2024-05-18 14:00:00+00:00,4.510787,4.510787,4.510787,4.510787,4.510787,4.510787
2024-05-18 15:00:00+00:00,1.8,1.8,1.8,1.8,1.8,1.8
2024-05-18 16:00:00+00:00,2.1897945,2.1897945,2.1897945,2.1897945,2.1897945,2.1897945
2024-05-18 17:00:00+00:00,2.9024127,2.9024127,2.9024127,2.9024127,2.9024127,2.9024127
2024-05-18 18:00:00+00:00,3.671294,3.671294,3.671294,3.671294,3.671294,3.671294
2024-05-18 19:00:00+00:00,6.763786,6.763786,6.763786,6.763786,6.763786,6.763786
2024-05-18 20:00:00+00:00,9.085988,9.085988,9.085988,9.085988,9.085988,9.085988
2024-05-18 21:00:00+00:00,9.178235,9.178235,9.178235,9.178235,9.178235,9.178235
2024-05-18 22:00:00+00:00,13.53236,13.53236,13.53236,13.53236,13.53236,13.53236
2024-05-18 23:00:00+00:00,16.516901,16.516901,16.516901,16.516901,16.516901,16.516901
2024-05-19 00:00:00+00:00,18.345877,18.345877,18.345877,18.345877,18.345877,18.345877
2024-05-19 01:00:00+00:00,17.026896,17.026896,17.026896,17.026896,17.026896,17.026896
2024-05-19 02:00:00+00:00,14.561099,14.561099,14.561099,14.561099,14.561099,14.561099
2024-05-19 03:00:00+00:00,14.917212,14.917212,14.917212,14.917212,14.917212,14.917212
2024-05-19 04:00:00+00:00,11.542478,11.542478,11.542478,11.542478,11.542478,11.542478
2024-05-19 05:00:00+00:00,7.5685663,7.5685663,7.5685663,7.5685663,7.5685663,7.5685663
2024-05-19 06:00:00+00:00,4.5820518,4.5820518,4.5820518,4.5820518,4.5820518,4.5820518
2024-05-19 07:00:00+00:00,6.830519,6.830519,6.830519,6.830519,6.830519,6.830519
2024-05-19 08:00:00+00:00,7.653705,7.653705,7.653705,7.653705,7.653705,7.653705
2024-05-19 09:00:00+00:00,7.4128532,7.4128532,7.4128532,7.4128532,7.4128532,7.4128532
2024-05-19 10:00:00+00:00,4.1046314,4.1046314,4.1046314,4.1046314,4.1046314,4.1046314
2024-05-19 11:00:00+00:00,2.4149535,2.4149535,2.4149535,2.4149535,2.4149535,2.4149535
2024-05-19 12:00:00+00:00,6.0347,6.0347,6.0347,6.0347,6.0347,6.0347
2024-05-19 13:00:00+00:00,4.6938257,4.6938257,4.6938257,4.6938257,4.6938257,4.6938257
2024-05-19 14:00:00+00:00,6.9247384,6.9247384,6.9247384,6.9247384,6.9247384,6.9247384
2024-05-19 15:00:00+00:00,9.746631,9.746631,9.746631,9.746631,9.746631,9.746631
2024-05-19 16:00:00+00:00,12.605142,12.605142,12.605142,12.605142,12.605142,12.605142
2024-05-19 17:00:00+00:00,12.261158,12.261158,12.261158,12.261158,12.261158,12.261158
2024-05-19 18:00:00+00:00,12.959999,12.959999,12.959999,12.959999,12.959999,12.959999
2024-05-19 19:00:00+00:00,16.203999,16.203999,16.203999,16.203999,16.203999,16.203999
2024-05-19 20:00:00+00:00,20.008356,20.008356,20.008356,20.008356,20.008356,20.008356
2024-05-19 21:00:00+00:00,21.862406,21.862406,21.862406,21.862406,21.862406,21.862406
2024-05-19 22:00:00+00:00,24.795612,24.795612,24.795612,24.795612,24.795612,24.795612
2024-05-19 23:00:00+00:00,28.503725,28.503725,28.503725,28.503725,28.503725,28.503725
2024-05-20 00:00:00+00:00,31.557035,31.557035,31.557035,31.557035,31.557035,31.557035
2024-05-20 01:00:00+00:00,12.4811535,12.4811535,12.4811535,12.4811535,12.4811535,12.4811535
2024-05-20 02:00:00+00:00,13.0447235,13.0447235,13.0447235,13.0447235,13.0447235,13.0447235
2024-05-20 03:00:00+00:00,12.224107,12.224107,12.224107,12.224107,12.224107,12.224107
2024-05-20 04:00:00+00:00,11.901798,11.901798,11.901798,11.901798,11.901798,11.901798
2024-05-20 05:00:00+00:00,13.493999,13.493999,13.493999,13.493999,13.493999,13.493999
2024-05-20 06:00:00+00:00,15.629971,15.629971,15.629971,15.629971,15.629971,15.629971
2024-05-20 07:00:00+00:00,17.114204,17.114204,17.114204,17.114204,17.114204,17.114204
2024-05-20 08:00:00+00:00,17.551615,17.551615,17.551615,17.551615,17.551615,17.551615
2024-05-20 09:00:00+00:00,15.2947035,15.2947035,15.2947035,15.2947035,15.2947035,15.2947035
2024-05-20 10:00:00+00:00,11.183201,11.183201,11.183201,11.183201,11.183201,11.183201
2024-05-20 11:00:00+00:00,11.988594,11.988594,11.988594,11.988594,11.988594,11.988594
2024-05-20 12:00:00+00:00,11.808878,11.808878,11.808878,11.808878,11.808878,11.808878
2024-05-20 13:00:00+00:00,11.384198,11.384198,11.384198,11.384198,11.384198,11.384198
2024-05-20 14:00:00+00:00,7.754637,7.754637,7.754637,7.754637,7.754637,7.754637
2024-05-20 15:00:00+00:00,5.3999996,5.3999996,5.3999996,5.3999996,5.3999996,5.3999996
2024-05-20 16:00:00+00:00,4.8965297,4.8965297,4.8965297,4.8965297,4.8965297,4.8965297
2024-05-20 17:00:00+00:00,4.6938252,4.6938252,4.6938252,4.6938252,4.6938252,4.6938252
2024-05-20 18:00:00+00:00,8.209263,8.209263,8.209263,8.209263,8.209263,8.209263
2024-05-20 19:00:00+00:00,9.605998,9.605998,9.605998,9.605998,9.605998,9.605998
2024-05-20 20:00:00+00:00,10.853866,10.853866,10.853866,10.853866,10.853866,10.853866
2024-05-20 21:00:00+00:00,14.440443,14.440443,14.440443,14.440443,14.440443,14.440443
2024-05-20 22:00:00+00:00,18.0036,18.0036,18.0036,18.0036,18.0036,18.0036
2024-05-20 23:00:00+00:00,15.03835,15.03835,15.03835,15.03835,15.03835,15.03835
2024-05-21 00:00:00+00:00,11.542478,11.542478,11.542478,11.542478,11.542478,11.542478
2024-05-21 01:00:00+00:00,10.8955765,10.8955765,10.8955765,10.8955765,10.8955765,10.8955765
2024-05-21 02:00:00+00:00,6.6185193,6.6185193,6.6185193,6.6185193,6.6185193,6.6185193
2024-05-21 03:00:00+00:00,6.1305785,6.1305785,6.1305785,6.1305785,6.1305785,6.1305785
2024-05-21 04:00:00+00:00,7.10031,7.10031,7.10031,7.10031,7.10031,7.10031
2024-05-21 05:00:00+00:00,6.6185193,6.6185193,6.6185193,6.6185193,6.6185193,6.6185193
2024-05-21 06:00:00+00:00,7.5685663,7.5685663,7.5685663,7.5685663,7.5685663,7.5685663
2024-05-21 07:00:00+00:00,7.928178,7.928178,7.928178,7.928178,7.928178,7.928178
2024-05-21 08:00:00+00:00,7.5942073,7.5942073,7.5942073,7.5942073,7.5942073,7.5942073
2024-05-21 09:00:00+00:00,5.771239,5.771239,5.771239,5.771239,5.771239,5.771239
2024-05-21 10:00:00+00:00,3.5455887,3.5455887,3.5455887,3.5455887,3.5455887,3.5455887
2024-05-21 11:00:00+00:00,3.8939953,3.8939953,3.8939953,3.8939953,3.8939953,3.8939953
2024-05-21 12:00:00+00:00,2.7416782,2.7416782,2.7416782,2.7416782,2.7416782,2.7416782
2024-05-21 13:00:00+00:00,1.9386592,1.9386592,1.9386592,1.9386592,1.9386592,1.9386592
2024-05-21 14:00:00+00:00,1.2979984,1.2979984,1.2979984,1.2979984,1.2979984,1.2979984
2024-05-21 15:00:00+00:00,3.319036,3.319036,3.319036,3.319036,3.319036,3.319036
2024-05-21 16:00:00+00:00,4.6102495,4.6102495,4.6102495,4.6102495,4.6102495,4.6102495
2024-05-21 17:00:00+00:00,6.696387,6.696387,6.696387,6.696387,6.696387,6.696387
2024-05-21 18:00:00+00:00,9.793059,9.793059,9.793059,9.793059,9.793059,9.793059
2024-05-21 19:00:00+00:00,10.163227,10.163227,10.163227,10.163227,10.163227,10.163227
2024-05-21 20:00:00+00:00,11.885453,11.885453,11.885453,11.885453,11.885453,11.885453
2024-05-21 21:00:00+00:00,14.154915,14.154915,14.154915,14.154915,14.154915,14.154915
2024-05-21 22:00:00+00:00,16.167967,16.167967,16.167967,16.167967,16.167967,16.167967
2024-05-21 23:00:00+00:00,13.397612,13.397612,13.397612,13.397612,13.397612,13.397612
2024-05-22 00:00:00+00:00,10.823973,10.823973,10.823973,10.823973,10.823973,10.823973
2024-05-22 01:00:00+00:00,8.209263,8.209263,8.209263,8.209263,8.209263,8.209263
2024-05-22 02:00:00+00:00,7.289445,7.289445,7.289445,7.289445,7.289445,7.289445
2024-05-22 03:00:00+00:00,7.289445,7.289445,7.289445,7.289445,7.289445,7.289445
2024-05-22 04:00:00+00:00,8.311245,8.311245,8.311245,8.311245,8.311245,8.311245
2024-05-22 05:00:00+00:00,9.779817,9.779817,9.779817,9.779817,9.779817,9.779817
2024-05-22 06:00:00+00:00,10.105681,10.105681,10.105681,10.105681,10.105681,10.105681
2024-05-22 07:00:00+00:00,10.086427,10.086427,10.086427,10.086427,10.086427,10.086427
2024-05-22 08:00:00+00:00,11.183201,11.183201,11.183201,11.183201,11.183201,11.183201
2024-05-22 09:00:00+00:00,11.609651,11.609651,11.609651,11.609651,11.609651,11.609651
2024-05-22 10:00:00+00:00,11.720751,11.720751,11.720751,11.720751,11.720751,11.720751
2024-05-22 11:00:00+00:00,12.324414,12.324414,12.324414,12.324414,12.324414,12.324414
2024-05-22 12:00:00+00:00,12.24,12.24,12.24,12.24,12.24,12.24
2024-05-22 13:00:00+00:00,12.682018,12.682018,12.682018,12.682018,12.682018,12.682018
2024-05-22 14:00:00+00:00,13.009903,13.009903,13.009903,13.009903,13.009903,13.009903
2024-05-22 15:00:00+00:00,13.797913,13.797913,13.797913,13.797913,13.797913,13.797913
2024-05-22 16:00:00+00:00,12.015589,12.015589,12.015589,12.015589,12.015589,12.015589
2024-05-22 17:00:00+00:00,9.114471,9.114471,9.114471,9.114471,9.114471,9.114471
2024-05-22 18:00:00+00:00,8.78872,8.78872,8.78872,8.78872,8.78872,8.78872
2024-05-22 19:00:00+00:00,11.457958,11.457958,11.457958,11.457958,11.457958,11.457958
2024-05-22 20:00:00+00:00,14.84318,14.84318,14.84318,14.84318,14.84318,14.84318
2024-05-22 21:00:00+00:00,17.148247,17.148247,17.148247,17.148247,17.148247,17.148247
2024-05-22 22:00:00+00:00,16.831684,16.831684,16.831684,16.831684,16.831684,16.831684
2024-05-22 23:00:00+00:00,14.773164,14.773164,14.773164,14.773164,14.773164,14.773164
2024-05-23 00:00:00+00:00,13.392774,13.392774,13.392774,13.392774,13.392774,13.392774
2024-05-23 01:00:00+00:00,12.594856,12.594856,12.594856,12.594856,12.594856,12.594856
2024-05-23 02:00:00+00:00,12.074766,12.074766,12.074766,12.074766,12.074766,12.074766
2024-05-23 03:00:00+00:00,11.966953,11.966953,11.966953,11.966953,11.966953,11.966953
2024-05-23 04:00:00+00:00,12.0694,12.0694,12.0694,12.0694,12.0694,12.0694
2024-05-23 05:00:00+00:00,12.313893,12.313893,12.313893,12.313893,12.313893,12.313893
2024-05-23 06:00:00+00:00,12.496719,12.496719,12.496719,12.496719,12.496719,12.496719
2024-05-23 07:00:00+00:00,12.682018,12.682018,12.682018,12.682018,12.682018,12.682018
2024-05-23 08:00:00+00:00,12.959999,12.959999,12.959999,12.959999,12.959999,12.959999
2024-05-23 09:00:00+00:00,13.004921,13.004921,13.004921,13.004921,13.004921,13.004921
2024-05-23 10:00:00+00:00,13.202726,13.202726,13.202726,13.202726,13.202726,13.202726
2024-05-23 11:00:00+00:00,13.1041975,13.1041975,13.1041975,13.1041975,13.1041975,13.1041975
2024-05-23 12:00:00+00:00,13.32,13.32,13.32,13.32,13.32,13.32
2024-05-23 13:00:00+00:00,13.441071,13.441071,13.441071,13.441071,13.441071,13.441071
2024-05-23 14:00:00+00:00,13.32,13.32,13.32,13.32,13.32,13.32
2024-05-23 15:00:00+00:00,12.661564,12.661564,12.661564,12.661564,12.661564,12.661564
2024-05-23 16:00:00+00:00,10.538843,10.538843,10.538843,10.538843,10.538843,10.538843
2024-05-23 17:00:00+00:00,8.350138,8.350138,8.350138,8.350138,8.350138,8.350138
2024-05-23 18:00:00+00:00,7.9036193,7.9036193,7.9036193,7.9036193,7.9036193,7.9036193
2024-05-23 19:00:00+00:00,10.514218,10.514218,10.514218,10.514218,10.514218,10.514218
2024-05-23 20:00:00+00:00,14.973577,14.973577,14.973577,14.973577,14.973577,14.973577
2024-05-23 21:00:00+00:00,17.727943,17.727943,17.727943,17.727943,17.727943,17.727943
2024-05-23 22:00:00+00:00,16.42247,16.42247,16.42247,16.42247,16.42247,16.42247
2024-05-23 23:00:00+00:00,13.584932,13.584932,13.584932,13.584932,13.584932,13.584932
2024-05-24 00:00:00+00:00,11.480557,11.480557,11.480557,11.480557,11.480557,11.480557
2024-05-24 01:00:00+00:00,11.457958,11.457958,11.457958,11.457958,11.457958,11.457958
2024-05-24 02:00:00+00:00,12.218805,12.218805,12.218805,12.218805,12.218805,12.218805
2024-05-24 03:00:00+00:00,12.496718,12.496718,12.496718,12.496718,12.496718,12.496718
2024-05-24 04:00:00+00:00,11.681987,11.681987,11.681987,11.681987,11.681987,11.681987
2024-05-24 05:00:00+00:00,10.966713,10.966713,10.966713,10.966713,10.966713,10.966713
2024-05-24 06:00:00+00:00,10.739833,10.739833,10.739833,10.739833,10.739833,10.739833
2024-05-24 07:00:00+00:00,10.948973,10.948973,10.948973,10.948973,10.948973,10.948973
2024-05-24 08:00:00+00:00,11.609651,11.609651,11.609651,11.609651,11.609651,11.609651
2024-05-24 09:00:00+00:00,12.371645,12.371645,12.371645,12.371645,12.371645,12.371645
2024-05-24 10:00:00+00:00,13.797913,13.797913,13.797913,13.797913,13.797913,13.797913
2024-05-24 11:00:00+00:00,15.7908325,15.7908325,15.7908325,15.7908325,15.7908325,15.7908325
2024-05-24 12:00:00+00:00,17.238699,17.238699,17.238699,17.238699,17.238699,17.238699
2024-05-24 13:00:00+00:00,17.414474,17.414474,17.414474,17.414474,17.414474,17.414474
2024-05-24 14:00:00+00:00,16.79314,16.79314,16.79314,16.79314,16.79314,16.79314
2024-05-24 15:00:00+00:00,16.179987,16.179987,16.179987,16.179987,16.179987,16.179987
2024-05-24 16:00:00+00:00,15.986593,15.986593,15.986593,15.986593,15.986593,15.986593
2024-05-24 17:00:00+00:00,16.135872,16.135872,16.135872,16.135872,16.135872,16.135872
2024-05-24 18:00:00+00:00,16.29174,16.29174,16.29174,16.29174,16.29174,16.29174
2024-05-24 19:00:00+00:00,16.489416,16.489416,16.489416,16.489416,16.489416,16.489416
2024-05-24 20:00:00+00:00,17.709658,17.709658,17.709658,17.709658,17.709658,17.709658
2024-05-24 21:00:00+00:00,18.792551,18.792551,18.792551,18.792551,18.792551,18.792551
2024-05-24 22:00:00+00:00,19.694992,19.694992,19.694992,19.694992,19.694992,19.694992
2024-05-24 23:00:00+00:00,20.380579,20.380579,20.380579,20.380579,20.380579,20.380579
2024-05-25 00:00:00+00:00,20.380579,20.380579,20.380579,20.380579,20.380579,20.380579
2024-05-25 01:00:00+00:00,19.694992,19.694992,19.694992,19.694992,19.694992,19.694992
2024-05-25 02:00:00+00:00,18.556595,18.556595,18.556595,18.556595,18.556595,18.556595
2024-05-25 03:00:00+00:00,17.654688,17.654688,17.654688,17.654688,17.654688,17.654688
2024-05-25 04:00:00+00:00,17.58481,17.58481,17.58481,17.58481,17.58481,17.58481
2024-05-25 05:00:00+00:00,18.03237,18.03237,18.03237,18.03237,18.03237,18.03237
2024-05-25 06:00:00+00:00,18.043148,18.043148,18.043148,18.043148,18.043148,18.043148
2024-05-25 07:00:00+00:00,17.555307,17.555307,17.555307,17.555307,17.555307,17.555307
2024-05-25 08:00:00+00:00,16.746773,16.746773,16.746773,16.746773,16.746773,16.746773
2024-05-25 09:00:00+00:00,16.1198,16.1198,16.1198,16.1198,16.1198,16.1198
2024-05-25 10:00:00+00:00,16.179985,16.179985,16.179985,16.179985,16.179985,16.179985
2024-05-25 11:00:00+00:00,16.394829,16.394829,16.394829,16.394829,16.394829,16.394829
2024-05-25 12:00:00+00:00,16.62249,16.62249,16.62249,16.62249,16.62249,16.62249
2024-05-25 13:00:00+00:00,17.076298,17.076298,17.076298,17.076298,17.076298,17.076298
2024-05-25 14:00:00+00:00,18.11841,18.11841,18.11841,18.11841,18.11841,18.11841
2024-05-25 15:00:00+00:00,18.58451,18.58451,18.58451,18.58451,18.58451,18.58451
2024-05-25 16:00:00+00:00,18.455048,18.455048,18.455048,18.455048,18.455048,18.455048
2024-05-25 17:00:00+00:00,18.214718,18.214718,18.214718,18.214718,18.214718,18.214718
2024-05-25 18:00:00+00:00,18.345877,18.345877,18.345877,18.345877,18.345877,18.345877
2024-05-25 19:00:00+00:00,19.48661,19.48661,19.48661,19.48661,19.48661,19.48661
2024-05-25 20:00:00+00:00,21.129885,21.129885,21.129885,21.129885,21.129885,21.129885
2024-05-25 21:00:00+00:00,22.461807,22.461807,22.461807,22.461807,22.461807,22.461807
2024-05-25 22:00:00+00:00,23.576563,23.576563,23.576563,23.576563,23.576563,23.576563
2024-05-25 23:00:00+00:00,24.336637,24.336637,24.336637,24.336637,24.336637,24.336637
2024-05-26 00:00:00+00:00,24.442911,24.442911,24.442911,24.442911,24.442911,24.442911
2024-05-26 01:00:00+00:00,23.441502,23.441502,23.441502,23.441502,23.441502,23.441502
2024-05-26 02:00:00+00:00,21.749481,21.749481,21.749481,21.749481,21.749481,21.749481
2024-05-26 03:00:00+00:00,20.082708,20.082708,20.082708,20.082708,20.082708,20.082708
2024-05-26 04:00:00+00:00,18.556595,18.556595,18.556595,18.556595,18.556595,18.556595
2024-05-26 05:00:00+00:00,17.447933,17.447933,17.447933,17.447933,17.447933,17.447933
2024-05-26 06:00:00+00:00,15.941944,15.941944,15.941944,15.941944,15.941944,15.941944
2024-05-26 07:00:00+00:00,14.007655,14.007655,14.007655,14.007655,14.007655,14.007655
2024-05-26 08:00:00+00:00,11.592895,11.592895,11.592895,11.592895,11.592895,11.592895
2024-05-26 09:00:00+00:00,10.163227,10.163227,10.163227,10.163227,10.163227,10.163227
2024-05-26 10:00:00+00:00,9.904906,9.904906,9.904906,9.904906,9.904906,9.904906
2024-05-26 11:00:00+00:00,10.390226,10.390226,10.390226,10.390226,10.390226,10.390226
2024-05-26 12:00:00+00:00,10.739833,10.739833,10.739833,10.739833,10.739833,10.739833
2024-05-26 13:00:00+00:00,10.829959,10.829959,10.829959,10.829959,10.829959,10.829959
2024-05-26 14:00:00+00:00,11.165805,11.165805,11.165805,11.165805,11.165805,11.165805
2024-05-26 15:00:00+00:00,11.440979,11.440979,11.440979,11.440979,11.440979,11.440979
2024-05-26 16:00:00+00:00,12.397806,12.397806,12.397806,12.397806,12.397806,12.397806
2024-05-26 17:00:00+00:00,13.202726,13.202726,13.202726,13.202726,13.202726,13.202726
2024-05-26 18:00:00+00:00,14.33234,14.33234,14.33234,14.33234,14.33234,14.33234
2024-05-26 19:00:00+00:00,15.509274,15.509274,15.509274,15.509274,15.509274,15.509274
2024-05-26 20:00:00+00:00,16.73516,16.73516,16.73516,16.73516,16.73516,16.73516
2024-05-26 21:00:00+00:00,17.208603,17.208603,17.208603,17.208603,17.208603,17.208603
2024-05-26 22:00:00+00:00,16.24394,16.24394,16.24394,16.24394,16.24394,16.24394
2024-05-26 23:00:00+00:00,14.205182,14.205182,14.205182,14.205182,14.205182,14.205182
2024-05-27 00:00:00+00:00,12.682018,12.682018,12.682018,12.682018,12.682018,12.682018
2024-05-27 01:00:00+00:00,11.252519,11.252519,11.252519,11.252519,11.252519,11.252519
2024-05-27 02:00:00+00:00,10.390226,10.390226,10.390226,10.390226,10.390226,10.390226
2024-05-27 03:00:00+00:00,9.565437,9.565437,9.565437,9.565437,9.565437,9.565437
2024-05-27 04:00:00+00:00,9.021574,9.021574,9.021574,9.021574,9.021574,9.021574
2024-05-27 05:00:00+00:00,9.220499,9.220499,9.220499,9.220499,9.220499,9.220499
2024-05-27 06:00:00+00:00,9.422101,9.422101,9.422101,9.422101,9.422101,9.422101
2024-05-27 07:00:00+00:00,9.422101,9.422101,9.422101,9.422101,9.422101,9.422101
2024-05-27 08:00:00+00:00,9.220499,9.220499,9.220499,9.220499,9.220499,9.220499
2024-05-27 09:00:00+00:00,8.78872,8.78872,8.78872,8.78872,8.78872,8.78872
2024-05-27 10:00:00+00:00,8.287822,8.287822,8.287822,8.287822,8.287822,8.287822
2024-05-27 11:00:00+00:00,7.9932966,7.9932966,7.9932966,7.9932966,7.9932966,7.9932966
2024-05-27 12:00:00+00:00,7.7043357,7.7043357,7.7043357,7.7043357,7.7043357,7.7043357
2024-05-27 13:00:00+00:00,7.928177,7.928177,7.928177,7.928177,7.928177,7.928177
2024-05-27 14:00:00+00:00,7.928177,7.928177,7.928177,7.928177,7.928177,7.928177
2024-05-27 15:00:00+00:00,8.714677,8.714677,8.714677,8.714677,8.714677,8.714677
2024-05-27 16:00:00+00:00,10.1887,10.1887,10.1887,10.1887,10.1887,10.1887
2024-05-27 17:00:00+00:00,12.397806,12.397806,12.397806,12.397806,12.397806,12.397806
2024-05-27 18:00:00+00:00,14.578888,14.578888,14.578888,14.578888,14.578888,14.578888
2024-05-27 19:00:00+00:00,16.862455,16.862455,16.862455,16.862455,16.862455,16.862455
2024-05-27 20:00:00+00:00,19.211996,19.211996,19.211996,19.211996,19.211996,19.211996
2024-05-27 21:00:00+00:00,20.898611,20.898611,20.898611,20.898611,20.898611,20.898611
2024-05-27 22:00:00+00:00,21.841648,21.841648,21.841648,21.841648,21.841648,21.841648
2024-05-27 23:00:00+00:00,21.746504,21.746504,21.746504,21.746504,21.746504,21.746504
2024-05-28 00:00:00+00:00,20.633371,20.633371,20.633371,20.633371,20.633371,20.633371
2024-05-28 01:00:00+00:00,17.873556,17.873556,17.873556,17.873556,17.873556,17.873556
2024-05-28 02:00:00+00:00,13.896187,13.896187,13.896187,13.896187,13.896187,13.896187
2024-05-28 03:00:00+00:00,10.787993,10.787993,10.787993,10.787993,10.787993,10.787993
2024-05-28 04:00:00+00:00,8.891343,8.891343,8.891343,8.891343,8.891343,8.891343
2024-05-28 05:00:00+00:00,7.9932966,7.9932966,7.9932966,7.9932966,7.9932966,7.9932966
2024-05-28 06:00:00+00:00,7.42159,7.42159,7.42159,7.42159,7.42159,7.42159
2024-05-28 07:00:00+00:00,7.653705,7.653705,7.653705,7.653705,7.653705,7.653705
2024-05-28 08:00:00+00:00,8.404285,8.404285,8.404285,8.404285,8.404285,8.404285
2024-05-28 09:00:00+00:00,8.913181,8.913181,8.913181,8.913181,8.913181,8.913181
2024-05-28 10:00:00+00:00,8.913181,8.913181,8.913181,8.913181,8.913181,8.913181
2024-05-28 11:00:00+00:00,8.654987,8.654987,8.654987,8.654987,8.654987,8.654987
2024-05-28 12:00:00+00:00,8.404285,8.404285,8.404285,8.404285,8.404285,8.404285
2024-05-28 13:00:00+00:00,8.287822,8.287822,8.287822,8.287822,8.287822,8.287822
2024-05-28 14:00:00+00:00,8.557102,8.557102,8.557102,8.557102,8.557102,8.557102
2024-05-28 15:00:00+00:00,8.905908,8.905908,8.905908,8.905908,8.905908,8.905908
2024-05-28 16:00:00+00:00,8.905908,8.905908,8.905908,8.905908,8.905908,8.905908
2024-05-28 17:00:00+00:00,8.766573,8.766573,8.766573,8.766573,8.766573,8.766573
2024-05-28 18:00:00+00:00,10.028439,10.028439,10.028439,10.028439,10.028439,10.028439
2024-05-28 19:00:00+00:00,14.458382,14.458382,14.458382,14.458382,14.458382,14.458382
2024-05-28 20:00:00+00:00,20.275385,20.275385,20.275385,20.275385,20.275385,20.275385
2024-05-28 21:00:00+00:00,23.491207,23.491207,23.491207,23.491207,23.491207,23.491207
2024-05-28 22:00:00+00:00,21.659918,21.659918,21.659918,21.659918,21.659918,21.659918
2024-05-28 23:00:00+00:00,17.208603,17.208603,17.208603,17.208603,17.208603,17.208603
2024-05-29 00:00:00+00:00,13.207634,13.207634,13.207634,13.207634,13.207634,13.207634
2024-05-29 01:00:00+00:00,11.27553,11.27553,11.27553,11.27553,11.27553,11.27553
2024-05-29 02:00:00+00:00,9.793058,9.793058,9.793058,9.793058,9.793058,9.793058
2024-05-29 03:00:00+00:00,8.891344,8.891344,8.891344,8.891344,8.891344,8.891344
2024-05-29 04:00:00+00:00,8.287822,8.287822,8.287822,8.287822,8.287822,8.287822
2024-05-29 05:00:00+00:00,8.714677,8.714677,8.714677,8.714677,8.714677,8.714677
2024-05-29 06:00:00+00:00,9.178235,9.178235,9.178235,9.178235,9.178235,9.178235
2024-05-29 07:00:00+00:00,9.255571,9.255571,9.255571,9.255571,9.255571,9.255571
2024-05-29 08:00:00+00:00,9.3669195,9.3669195,9.3669195,9.3669195,9.3669195,9.3669195
2024-05-29 09:00:00+00:00,9.422101,9.422101,9.422101,9.422101,9.422101,9.422101
2024-05-29 10:00:00+00:00,9.6932955,9.6932955,9.6932955,9.6932955,9.6932955,9.6932955
2024-05-29 11:00:00+00:00,9.565437,9.565437,9.565437,9.565437,9.565437,9.565437
2024-05-29 12:00:00+00:00,9.83268,9.83268,9.83268,9.83268,9.83268,9.83268
2024-05-29 13:00:00+00:00,9.83268,9.83268,9.83268,9.83268,9.83268,9.83268
2024-05-29 14:00:00+00:00,10.028439,10.028439,10.028439,10.028439,10.028439,10.028439
2024-05-29 15:00:00+00:00,9.0,9.0,9.0,9.0,9.0,9.0
2024-05-29 16:00:00+00:00,6.12,6.12,6.12,6.12,6.12,6.12
2024-05-29 17:00:00+00:00,4.5820518,4.5820518,4.5820518,4.5820518,4.5820518,4.5820518
2024-05-29 18:00:00+00:00,6.162207,6.162207,6.162207,6.162207,6.162207,6.162207
2024-05-29 19:00:00+00:00,9.007196,9.007196,9.007196,9.007196,9.007196,9.007196
2024-05-29 20:00:00+00:00,11.885453,11.885453,11.885453,11.885453,11.885453,11.885453
2024-05-29 21:00:00+00:00,13.324863,13.324863,13.324863,13.324863,13.324863,13.324863
2024-05-29 22:00:00+00:00,13.441071,13.441071,13.441071,13.441071,13.441071,13.441071
2024-05-29 23:00:00+00:00,12.641076,12.641076,12.641076,12.641076,12.641076,12.641076
2024-05-30 00:00:00+00:00,12.10157,12.10157,12.10157,12.10157,12.10157,12.10157
2024-05-30 01:00:00+00:00,11.246759,11.246759,11.246759,11.246759,11.246759,11.246759
2024-05-30 02:00:00+00:00,10.464797,10.464797,10.464797,10.464797,10.464797,10.464797
2024-05-30 03:00:00+00:00,9.826088,9.826088,9.826088,9.826088,9.826088,9.826088
2024-05-30 04:00:00+00:00,9.605998,9.605998,9.605998,9.605998,9.605998,9.605998
2024-05-30 05:00:00+00:00,9.72,9.72,9.72,9.72,9.72,9.72
2024-05-30 06:00:00+00:00,10.308831,10.308831,10.308831,10.308831,10.308831,10.308831
2024-05-30 07:00:00+00:00,11.384199,11.384199,11.384199,11.384199,11.384199,11.384199
2024-05-30 08:00:00+00:00,11.966953,11.966953,11.966953,11.966953,11.966953,11.966953
2024-05-30 09:00:00+00:00,12.57426,12.57426,12.57426,12.57426,12.57426,12.57426
2024-05-30 10:00:00+00:00,12.245293,12.245293,12.245293,12.245293,12.245293,12.245293
2024-05-30 11:00:00+00:00,11.269782,11.269782,11.269782,11.269782,11.269782,11.269782
2024-05-30 12:00:00+00:00,10.464797,10.464797,10.464797,10.464797,10.464797,10.464797
2024-05-30 13:00:00+00:00,9.983106,9.983106,9.983106,9.983106,9.983106,9.983106
2024-05-30 14:00:00+00:00,9.504273,9.504273,9.504273,9.504273,9.504273,9.504273
2024-05-30 15:00:00+00:00,8.427383,8.427383,8.427383,8.427383,8.427383,8.427383
2024-05-30 16:00:00+00:00,6.924738,6.924738,6.924738,6.924738,6.924738,6.924738
2024-05-30 17:00:00+00:00,5.5887027,5.5887027,5.5887027,5.5887027,5.5887027,5.5887027
2024-05-30 18:00:00+00:00,5.6233797,5.6233797,5.6233797,5.6233797,5.6233797,5.6233797
2024-05-30 19:00:00+00:00,8.049845,8.049845,8.049845,8.049845,8.049845,8.049845
2024-05-30 20:00:00+00:00,11.901798,11.901798,11.901798,11.901798,11.901798,11.901798
2024-05-30 21:00:00+00:00,14.561099,14.561099,14.561099,14.561099,14.561099,14.561099
2024-05-30 22:00:00+00:00,14.869351,14.869351,14.869351,14.869351,14.869351,14.869351
2024-05-30 23:00:00+00:00,13.698934,13.698934,13.698934,13.698934,13.698934,13.698934
2024-05-31 00:00:00+00:00,12.599999,12.599999,12.599999,12.599999,12.599999,12.599999
2024-05-31 01:00:00+00:00,11.165805,11.165805,11.165805,11.165805,11.165805,11.165805
2024-05-31 02:00:00+00:00,9.3876505,9.3876505,9.3876505,9.3876505,9.3876505,9.3876505
2024-05-31 03:00:00+00:00,7.9932976,7.9932976,7.9932976,7.9932976,7.9932976,7.9932976
2024-05-31 04:00:00+00:00,6.519877,6.519877,6.519877,6.519877,6.519877,6.519877
2024-05-31 05:00:00+00:00,5.4119864,5.4119864,5.4119864,5.4119864,5.4119864,5.4119864
2024-05-31 06:00:00+00:00,4.2136917,4.2136917,4.2136917,4.2136917,4.2136917,4.2136917
2024-05-31 07:00:00+00:00,3.8268526,3.8268526,3.8268526,3.8268526,3.8268526,3.8268526
2024-05-31 08:00:00+00:00,4.1046314,4.1046314,4.1046314,4.1046314,4.1046314,4.1046314
2024-05-31 09:00:00+00:00,5.0528407,5.0528407,5.0528407,5.0528407,5.0528407,5.0528407
2024-05-31 10:00:00+00:00,5.0528407,5.0528407,5.0528407,5.0528407,5.0528407,5.0528407
2024-05-31 11:00:00+00:00,4.73506,4.73506,4.73506,4.73506,4.73506,4.73506
2024-05-31 12:00:00+00:00,4.452954,4.452954,4.452954,4.452954,4.452954,4.452954
2024-05-31 13:00:00+00:00,5.1544156,5.1544156,5.1544156,5.1544156,5.1544156,5.1544156
2024-05-31 14:00:00+00:00,6.2145634,6.2145634,6.2145634,6.2145634,6.2145634,6.2145634
2024-05-31 15:00:00+00:00,6.638072,6.638072,6.638072,6.638072,6.638072,6.638072
2024-05-31 16:00:00+00:00,6.725354,6.725354,6.725354,6.725354,6.725354,6.725354
2024-05-31 17:00:00+00:00,6.28713,6.28713,6.28713,6.28713,6.28713,6.28713
2024-05-31 18:00:00+00:00,6.1094027,6.1094027,6.1094027,6.1094027,6.1094027,6.1094027
2024-05-31 19:00:00+00:00,8.350138,8.350138,8.350138,8.350138,8.350138,8.350138
2024-05-31 20:00:00+00:00,13.708391,13.708391,13.708391,13.708391,13.708391,13.708391
2024-05-31 21:00:00+00:00,17.782688,17.782688,17.782688,17.782688,17.782688,17.782688
2024-05-31 22:00:00+00:00,18.388212,18.388212,18.388212,18.388212,18.388212,18.388212
2024-05-31 23:00:00+00:00,17.58481,17.58481,17.58481,17.58481,17.58481,17.58481
2024-06-01 00:00:00+00:00,15.978484,15.978484,15.978484,15.978484,15.978484,15.978484
2024-06-01 01:00:00+00:00,14.707222,14.707222,14.707222,14.707222,14.707222,14.707222
2024-06-01 02:00:00+00:00,12.979984,12.979984,12.979984,12.979984,12.979984,12.979984
2024-06-01 03:00:00+00:00,10.931203,10.931203,10.931203,10.931203,10.931203,10.931203
2024-06-01 04:00:00+00:00,8.049845,8.049845,8.049845,8.049845,8.049845,8.049845
2024-06-01 05:00:00+00:00,5.0528407,5.0528407,5.0528407,5.0528407,5.0528407,5.0528407
2024-06-01 06:00:00+00:00,3.6,3.6,3.6,3.6,3.6,3.6
2024-06-01 07:00:00+00:00,4.2136917,4.2136917,4.2136917,4.2136917,4.2136917,4.2136917
2024-06-01 08:00:00+00:00,5.4477882,5.4477882,5.4477882,5.4477882,5.4477882,5.4477882
2024-06-01 09:00:00+00:00,6.8399997,6.8399997,6.8399997,6.8399997,6.8399997,6.8399997
2024-06-01 10:00:00+00:00,8.707238,8.707238,8.707238,8.707238,8.707238,8.707238
2024-06-01 11:00:00+00:00,10.239453,10.239453,10.239453,10.239453,10.239453,10.239453
2024-06-01 12:00:00+00:00,11.440978,11.440978,11.440978,11.440978,11.440978,11.440978
2024-06-01 13:00:00+00:00,11.440978,11.440978,11.440978,11.440978,11.440978,11.440978
2024-06-01 14:00:00+00:00,10.390226,10.390226,10.390226,10.390226,10.390226,10.390226
2024-06-01 15:00:00+00:00,9.114471,9.114471,9.114471,9.114471,9.114471,9.114471
2024-06-01 16:00:00+00:00,7.208994,7.208994,7.208994,7.208994,7.208994,7.208994
2024-06-01 17:00:00+00:00,5.8048253,5.8048253,5.8048253,5.8048253,5.8048253,5.8048253
2024-06-01 18:00:00+00:00,6.12,6.12,6.12,6.12,6.12,6.12
2024-06-01 19:00:00+00:00,8.707238,8.707238,8.707238,8.707238,8.707238,8.707238
2024-06-01 20:00:00+00:00,11.901798,11.901798,11.901798,11.901798,11.901798,11.901798
2024-06-01 21:00:00+00:00,14.081478,14.081478,14.081478,14.081478,14.081478,14.081478
2024-06-01 22:00:00+00:00,13.698934,13.698934,13.698934,13.698934,13.698934,13.698934
2024-06-01 23:00:00+00:00,12.758432,12.758432,12.758432,12.758432,12.758432,12.758432
2024-06-02 00:00:00+00:00,12.10157,12.10157,12.10157,12.10157,12.10157,12.10157
2024-06-02 01:00:00+00:00,11.480557,11.480557,11.480557,11.480557,11.480557,11.480557
2024-06-02 02:00:00+00:00,11.019764,11.019764,11.019764,11.019764,11.019764,11.019764
2024-06-02 03:00:00+00:00,10.805998,10.805998,10.805998,10.805998,10.805998,10.805998
2024-06-02 04:00:00+00:00,10.829958,10.829958,10.829958,10.829958,10.829958,10.829958
2024-06-02 05:00:00+00:00,10.390226,10.390226,10.390226,10.390226,10.390226,10.390226
2024-06-02 06:00:00+00:00,10.308831,10.308831,10.308831,10.308831,10.308831,10.308831
2024-06-02 07:00:00+00:00,9.793058,9.793058,9.793058,9.793058,9.793058,9.793058
2024-06-02 08:00:00+00:00,9.826088,9.826088,9.826088,9.826088,9.826088,9.826088
2024-06-02 09:00:00+00:00,9.726664,9.726664,9.726664,9.726664,9.726664,9.726664
2024-06-02 10:00:00+00:00,9.686609,9.686609,9.686609,9.686609,9.686609,9.686609
2024-06-02 11:00:00+00:00,9.793059,9.793059,9.793059,9.793059,9.793059,9.793059
2024-06-02 12:00:00+00:00,9.290511,9.290511,9.290511,9.290511,9.290511,9.290511
2024-06-02 13:00:00+00:00,8.161764,8.161764,8.161764,8.161764,8.161764,8.161764
2024-06-02 14:00:00+00:00,7.628263,7.628263,7.628263,7.628263,7.628263,7.628263
2024-06-02 15:00:00+00:00,8.28,8.28,8.28,8.28,8.28,8.28
2024-06-02 16:00:00+00:00,9.0645685,9.0645685,9.0645685,9.0645685,9.0645685,9.0645685
2024-06-02 17:00:00+00:00,10.182337,10.182337,10.182337,10.182337,10.182337,10.182337
2024-06-02 18:00:00+00:00,10.538843,10.538843,10.538843,10.538843,10.538843,10.538843
2024-06-02 19:00:00+00:00,,,,,,
2024-06-02 20:00:00+00:00,,,,,,
2024-06-02 21:00:00+00:00,,,,,,
2024-06-02 22:00:00+00:00,,,,,,
2024-06-02 23:00:00+00:00,,,,,,
